Copyright 1986-2020 Xilinx, Inc. All Rights Reserved.
-----------------------------------------------------------------------------------------------------------------------------------------------------------------------------------------------------------------
| Tool Version : Vivado v.2020.2 (win64) Build 3064766 Wed Nov 18 09:12:45 MST 2020
| Date         : Thu Jul 16 10:29:55 2026
| Host         : DESKTOP-7CFQ9ND running 64-bit major release  (build 9200)
| Command      : report_timing_summary -max_paths 10 -file top_airDrawing_timing_summary_routed.rpt -pb top_airDrawing_timing_summary_routed.pb -rpx top_airDrawing_timing_summary_routed.rpx -warn_on_violation
| Design       : top_airDrawing
| Device       : 7a35t-cpg236
| Speed File   : -1  PRODUCTION 1.23 2018-06-13
-----------------------------------------------------------------------------------------------------------------------------------------------------------------------------------------------------------------

Timing Summary Report

------------------------------------------------------------------------------------------------
| Timer Settings
| --------------
------------------------------------------------------------------------------------------------

  Enable Multi Corner Analysis               :  Yes
  Enable Pessimism Removal                   :  Yes
  Pessimism Removal Resolution               :  Nearest Common Node
  Enable Input Delay Default Clock           :  No
  Enable Preset / Clear Arcs                 :  No
  Disable Flight Delays                      :  No
  Ignore I/O Paths                           :  No
  Timing Early Launch at Borrowing Latches   :  No
  Borrow Time for Max Delay Exceptions       :  Yes
  Merge Timing Exceptions                    :  Yes

  Corner  Analyze    Analyze    
  Name    Max Paths  Min Paths  
  ------  ---------  ---------  
  Slow    Yes        Yes        
  Fast    Yes        Yes        



check_timing report

Table of Contents
-----------------
1. checking no_clock (582)
2. checking constant_clock (0)
3. checking pulse_width_clock (0)
4. checking unconstrained_internal_endpoints (2306)
5. checking no_input_delay (16)
6. checking no_output_delay (18)
7. checking multiple_clock (0)
8. checking generated_clocks (0)
9. checking loops (0)
10. checking partial_input_delay (0)
11. checking partial_output_delay (0)
12. checking latch_loops (0)

1. checking no_clock (582)
--------------------------
 There are 582 register/latch pins with no clock driven by root clock pin: pclk (HIGH)


2. checking constant_clock (0)
------------------------------
 There are 0 register/latch pins with constant_clock.


3. checking pulse_width_clock (0)
---------------------------------
 There are 0 register/latch pins which need pulse_width check


4. checking unconstrained_internal_endpoints (2306)
---------------------------------------------------
 There are 2306 pins that are not constrained for maximum delay. (HIGH)

 There are 0 pins that are not constrained for maximum delay due to constant clock.


5. checking no_input_delay (16)
-------------------------------
 There are 16 input ports with no input delay specified. (HIGH)

 There are 0 input ports with no input delay but user has a false path constraint.


6. checking no_output_delay (18)
--------------------------------
 There are 18 ports with no output delay specified. (HIGH)

 There are 0 ports with no output delay but user has a false path constraint

 There are 0 ports with no output delay but with a timing clock defined on it or propagating through it


7. checking multiple_clock (0)
------------------------------
 There are 0 register/latch pins with multiple clocks.


8. checking generated_clocks (0)
--------------------------------
 There are 0 generated clocks that are not connected to a clock source.


9. checking loops (0)
---------------------
 There are 0 combinational loops in the design.


10. checking partial_input_delay (0)
------------------------------------
 There are 0 input ports with partial input delay specified.


11. checking partial_output_delay (0)
-------------------------------------
 There are 0 ports with partial output delay specified.


12. checking latch_loops (0)
----------------------------
 There are 0 combinational latch loops in the design through latch input



------------------------------------------------------------------------------------------------
| Design Timing Summary
| ---------------------
------------------------------------------------------------------------------------------------

    WNS(ns)      TNS(ns)  TNS Failing Endpoints  TNS Total Endpoints      WHS(ns)      THS(ns)  THS Failing Endpoints  THS Total Endpoints     WPWS(ns)     TPWS(ns)  TPWS Failing Endpoints  TPWS Total Endpoints  
    -------      -------  ---------------------  -------------------      -------      -------  ---------------------  -------------------     --------     --------  ----------------------  --------------------  
      0.606        0.000                      0                 1371        0.093        0.000                      0                 1371        4.500        0.000                       0                   432  


All user specified timing constraints are met.


------------------------------------------------------------------------------------------------
| Clock Summary
| -------------
------------------------------------------------------------------------------------------------

Clock        Waveform(ns)       Period(ns)      Frequency(MHz)
-----        ------------       ----------      --------------
sys_clk_pin  {0.000 5.000}      10.000          100.000         


------------------------------------------------------------------------------------------------
| Intra Clock Table
| -----------------
------------------------------------------------------------------------------------------------

Clock             WNS(ns)      TNS(ns)  TNS Failing Endpoints  TNS Total Endpoints      WHS(ns)      THS(ns)  THS Failing Endpoints  THS Total Endpoints     WPWS(ns)     TPWS(ns)  TPWS Failing Endpoints  TPWS Total Endpoints  
-----             -------      -------  ---------------------  -------------------      -------      -------  ---------------------  -------------------     --------     --------  ----------------------  --------------------  
sys_clk_pin         0.606        0.000                      0                 1371        0.093        0.000                      0                 1371        4.500        0.000                       0                   432  


------------------------------------------------------------------------------------------------
| Inter Clock Table
| -----------------
------------------------------------------------------------------------------------------------

From Clock    To Clock          WNS(ns)      TNS(ns)  TNS Failing Endpoints  TNS Total Endpoints      WHS(ns)      THS(ns)  THS Failing Endpoints  THS Total Endpoints  
----------    --------          -------      -------  ---------------------  -------------------      -------      -------  ---------------------  -------------------  


------------------------------------------------------------------------------------------------
| Other Path Groups Table
| -----------------------
------------------------------------------------------------------------------------------------

Path Group    From Clock    To Clock          WNS(ns)      TNS(ns)  TNS Failing Endpoints  TNS Total Endpoints      WHS(ns)      THS(ns)  THS Failing Endpoints  THS Total Endpoints  
----------    ----------    --------          -------      -------  ---------------------  -------------------      -------      -------  ---------------------  -------------------  


------------------------------------------------------------------------------------------------
| Timing Details
| --------------
------------------------------------------------------------------------------------------------


---------------------------------------------------------------------------------------------------
From Clock:  sys_clk_pin
  To Clock:  sys_clk_pin

Setup :            0  Failing Endpoints,  Worst Slack        0.606ns,  Total Violation        0.000ns
Hold  :            0  Failing Endpoints,  Worst Slack        0.093ns,  Total Violation        0.000ns
PW    :            0  Failing Endpoints,  Worst Slack        4.500ns,  Total Violation        0.000ns
---------------------------------------------------------------------------------------------------


Max Delay Paths
--------------------------------------------------------------------------------------
Slack (MET) :             0.606ns  (required time - arrival time)
  Source:                 U_VGA_DECODER/U_HV_COUNTER/o_vcount_reg[4]/C
                            (rising edge-triggered cell FDCE clocked by sys_clk_pin  {rise@0.000ns fall@5.000ns period=10.000ns})
  Destination:            U_TOP_BUFFER/U_TOP_FRAMEBUFFER/U_FRAMEBUFFER/mem_reg_0_4/ADDRBWRADDR[0]
                            (rising edge-triggered cell RAMB36E1 clocked by sys_clk_pin  {rise@0.000ns fall@5.000ns period=10.000ns})
  Path Group:             sys_clk_pin
  Path Type:              Setup (Max at Slow Process Corner)
  Requirement:            10.000ns  (sys_clk_pin rise@10.000ns - sys_clk_pin rise@0.000ns)
  Data Path Delay:        8.515ns  (logic 4.585ns (53.847%)  route 3.930ns (46.153%))
  Logic Levels:           2  (DSP48E1=1 LUT2=1)
  Clock Path Skew:        -0.076ns (DCD - SCD + CPR)
    Destination Clock Delay (DCD):    4.822ns = ( 14.822 - 10.000 ) 
    Source Clock Delay      (SCD):    5.078ns
    Clock Pessimism Removal (CPR):    0.180ns
  Clock Uncertainty:      0.035ns  ((TSJ^2 + TIJ^2)^1/2 + DJ) / 2 + PE
    Total System Jitter     (TSJ):    0.071ns
    Total Input Jitter      (TIJ):    0.000ns
    Discrete Jitter          (DJ):    0.000ns
    Phase Error              (PE):    0.000ns

    Location             Delay type                Incr(ns)  Path(ns)    Netlist Resource(s)
  -------------------------------------------------------------------    -------------------
                         (clock sys_clk_pin rise edge)
                                                      0.000     0.000 r  
    W5                                                0.000     0.000 r  clk (IN)
                         net (fo=0)                   0.000     0.000    clk
    W5                   IBUF (Prop_ibuf_I_O)         1.458     1.458 r  clk_IBUF_inst/O
                         net (fo=1, routed)           1.967     3.425    clk_IBUF
    BUFGCTRL_X0Y0        BUFG (Prop_bufg_I_O)         0.096     3.521 r  clk_IBUF_BUFG_inst/O
                         net (fo=431, routed)         1.557     5.078    U_VGA_DECODER/U_HV_COUNTER/clk_IBUF_BUFG
    SLICE_X11Y56         FDCE                                         r  U_VGA_DECODER/U_HV_COUNTER/o_vcount_reg[4]/C
  -------------------------------------------------------------------    -------------------
    SLICE_X11Y56         FDCE (Prop_fdce_C_Q)         0.419     5.497 r  U_VGA_DECODER/U_HV_COUNTER/o_vcount_reg[4]/Q
                         net (fo=8, routed)           0.428     5.925    U_TOP_BUFFER/U_TOP_FRAMEBUFFER/U_FRAMEBUFFER_READER/addr0_6[4]
    DSP48_X0Y22          DSP48E1 (Prop_dsp48e1_A[4]_P[0])
                                                      4.016     9.941 r  U_TOP_BUFFER/U_TOP_FRAMEBUFFER/U_FRAMEBUFFER_READER/addr0/P[0]
                         net (fo=6, routed)           1.733    11.674    U_TOP_BUFFER/U_TOP_FRAMEBUFFER/U_FRAMEBUFFER_READER/addr0_n_105
    SLICE_X44Y53         LUT2 (Prop_lut2_I0_O)        0.150    11.824 r  U_TOP_BUFFER/U_TOP_FRAMEBUFFER/U_FRAMEBUFFER_READER/mem_reg_0_1_i_18/O
                         net (fo=10, routed)          1.768    13.593    U_TOP_BUFFER/U_TOP_FRAMEBUFFER/U_FRAMEBUFFER/ADDRBWRADDR[0]
    RAMB36_X2Y5          RAMB36E1                                     r  U_TOP_BUFFER/U_TOP_FRAMEBUFFER/U_FRAMEBUFFER/mem_reg_0_4/ADDRBWRADDR[0]
  -------------------------------------------------------------------    -------------------

                         (clock sys_clk_pin rise edge)
                                                     10.000    10.000 r  
    W5                                                0.000    10.000 r  clk (IN)
                         net (fo=0)                   0.000    10.000    clk
    W5                   IBUF (Prop_ibuf_I_O)         1.388    11.388 r  clk_IBUF_inst/O
                         net (fo=1, routed)           1.862    13.250    clk_IBUF
    BUFGCTRL_X0Y0        BUFG (Prop_bufg_I_O)         0.091    13.341 r  clk_IBUF_BUFG_inst/O
                         net (fo=431, routed)         1.481    14.822    U_TOP_BUFFER/U_TOP_FRAMEBUFFER/U_FRAMEBUFFER/clk_IBUF_BUFG
    RAMB36_X2Y5          RAMB36E1                                     r  U_TOP_BUFFER/U_TOP_FRAMEBUFFER/U_FRAMEBUFFER/mem_reg_0_4/CLKBWRCLK
                         clock pessimism              0.180    15.002    
                         clock uncertainty           -0.035    14.966    
    RAMB36_X2Y5          RAMB36E1 (Setup_ramb36e1_CLKBWRCLK_ADDRBWRADDR[0])
                                                     -0.768    14.198    U_TOP_BUFFER/U_TOP_FRAMEBUFFER/U_FRAMEBUFFER/mem_reg_0_4
  -------------------------------------------------------------------
                         required time                         14.198    
                         arrival time                         -13.593    
  -------------------------------------------------------------------
                         slack                                  0.606    

Slack (MET) :             0.621ns  (required time - arrival time)
  Source:                 U_VGA_DECODER/U_HV_COUNTER/o_vcount_reg[4]/C
                            (rising edge-triggered cell FDCE clocked by sys_clk_pin  {rise@0.000ns fall@5.000ns period=10.000ns})
  Destination:            U_TOP_BUFFER/U_TOP_FRAMEBUFFER/U_FRAMEBUFFER/mem_reg_1_10__0/ADDRBWRADDR[11]
                            (rising edge-triggered cell RAMB36E1 clocked by sys_clk_pin  {rise@0.000ns fall@5.000ns period=10.000ns})
  Path Group:             sys_clk_pin
  Path Type:              Setup (Max at Slow Process Corner)
  Requirement:            10.000ns  (sys_clk_pin rise@10.000ns - sys_clk_pin rise@0.000ns)
  Data Path Delay:        8.510ns  (logic 4.585ns (53.875%)  route 3.925ns (46.125%))
  Logic Levels:           2  (DSP48E1=1 LUT2=1)
  Clock Path Skew:        -0.065ns (DCD - SCD + CPR)
    Destination Clock Delay (DCD):    4.826ns = ( 14.826 - 10.000 ) 
    Source Clock Delay      (SCD):    5.078ns
    Clock Pessimism Removal (CPR):    0.187ns
  Clock Uncertainty:      0.035ns  ((TSJ^2 + TIJ^2)^1/2 + DJ) / 2 + PE
    Total System Jitter     (TSJ):    0.071ns
    Total Input Jitter      (TIJ):    0.000ns
    Discrete Jitter          (DJ):    0.000ns
    Phase Error              (PE):    0.000ns

    Location             Delay type                Incr(ns)  Path(ns)    Netlist Resource(s)
  -------------------------------------------------------------------    -------------------
                         (clock sys_clk_pin rise edge)
                                                      0.000     0.000 r  
    W5                                                0.000     0.000 r  clk (IN)
                         net (fo=0)                   0.000     0.000    clk
    W5                   IBUF (Prop_ibuf_I_O)         1.458     1.458 r  clk_IBUF_inst/O
                         net (fo=1, routed)           1.967     3.425    clk_IBUF
    BUFGCTRL_X0Y0        BUFG (Prop_bufg_I_O)         0.096     3.521 r  clk_IBUF_BUFG_inst/O
                         net (fo=431, routed)         1.557     5.078    U_VGA_DECODER/U_HV_COUNTER/clk_IBUF_BUFG
    SLICE_X11Y56         FDCE                                         r  U_VGA_DECODER/U_HV_COUNTER/o_vcount_reg[4]/C
  -------------------------------------------------------------------    -------------------
    SLICE_X11Y56         FDCE (Prop_fdce_C_Q)         0.419     5.497 r  U_VGA_DECODER/U_HV_COUNTER/o_vcount_reg[4]/Q
                         net (fo=8, routed)           0.428     5.925    U_TOP_BUFFER/U_TOP_FRAMEBUFFER/U_FRAMEBUFFER_READER/addr0_6[4]
    DSP48_X0Y22          DSP48E1 (Prop_dsp48e1_A[4]_P[11])
                                                      4.016     9.941 r  U_TOP_BUFFER/U_TOP_FRAMEBUFFER/U_FRAMEBUFFER_READER/addr0/P[11]
                         net (fo=6, routed)           1.935    11.876    U_TOP_BUFFER/U_TOP_FRAMEBUFFER/U_FRAMEBUFFER_READER/addr0_n_94
    SLICE_X37Y75         LUT2 (Prop_lut2_I0_O)        0.150    12.026 r  U_TOP_BUFFER/U_TOP_FRAMEBUFFER/U_FRAMEBUFFER_READER/mem_reg_1_9__0_i_4/O
                         net (fo=6, routed)           1.562    13.588    U_TOP_BUFFER/U_TOP_FRAMEBUFFER/U_FRAMEBUFFER/mem_reg_1_9__0_0[11]
    RAMB36_X2Y11         RAMB36E1                                     r  U_TOP_BUFFER/U_TOP_FRAMEBUFFER/U_FRAMEBUFFER/mem_reg_1_10__0/ADDRBWRADDR[11]
  -------------------------------------------------------------------    -------------------

                         (clock sys_clk_pin rise edge)
                                                     10.000    10.000 r  
    W5                                                0.000    10.000 r  clk (IN)
                         net (fo=0)                   0.000    10.000    clk
    W5                   IBUF (Prop_ibuf_I_O)         1.388    11.388 r  clk_IBUF_inst/O
                         net (fo=1, routed)           1.862    13.250    clk_IBUF
    BUFGCTRL_X0Y0        BUFG (Prop_bufg_I_O)         0.091    13.341 r  clk_IBUF_BUFG_inst/O
                         net (fo=431, routed)         1.485    14.826    U_TOP_BUFFER/U_TOP_FRAMEBUFFER/U_FRAMEBUFFER/clk_IBUF_BUFG
    RAMB36_X2Y11         RAMB36E1                                     r  U_TOP_BUFFER/U_TOP_FRAMEBUFFER/U_FRAMEBUFFER/mem_reg_1_10__0/CLKBWRCLK
                         clock pessimism              0.187    15.013    
                         clock uncertainty           -0.035    14.978    
    RAMB36_X2Y11         RAMB36E1 (Setup_ramb36e1_CLKBWRCLK_ADDRBWRADDR[11])
                                                     -0.768    14.210    U_TOP_BUFFER/U_TOP_FRAMEBUFFER/U_FRAMEBUFFER/mem_reg_1_10__0
  -------------------------------------------------------------------
                         required time                         14.210    
                         arrival time                         -13.588    
  -------------------------------------------------------------------
                         slack                                  0.621    

Slack (MET) :             0.640ns  (required time - arrival time)
  Source:                 U_VGA_DECODER/U_HV_COUNTER/o_vcount_reg[4]/C
                            (rising edge-triggered cell FDCE clocked by sys_clk_pin  {rise@0.000ns fall@5.000ns period=10.000ns})
  Destination:            U_TOP_BUFFER/U_TOP_CANVAS/U_CANVAS_BUFFER/U_canvas_buffer/mem_reg_1_1__0/ADDRBWRADDR[2]
                            (rising edge-triggered cell RAMB36E1 clocked by sys_clk_pin  {rise@0.000ns fall@5.000ns period=10.000ns})
  Path Group:             sys_clk_pin
  Path Type:              Setup (Max at Slow Process Corner)
  Requirement:            10.000ns  (sys_clk_pin rise@10.000ns - sys_clk_pin rise@0.000ns)
  Data Path Delay:        8.491ns  (logic 4.585ns (54.001%)  route 3.906ns (45.999%))
  Logic Levels:           2  (DSP48E1=1 LUT2=1)
  Clock Path Skew:        -0.066ns (DCD - SCD + CPR)
    Destination Clock Delay (DCD):    4.825ns = ( 14.825 - 10.000 ) 
    Source Clock Delay      (SCD):    5.078ns
    Clock Pessimism Removal (CPR):    0.187ns
  Clock Uncertainty:      0.035ns  ((TSJ^2 + TIJ^2)^1/2 + DJ) / 2 + PE
    Total System Jitter     (TSJ):    0.071ns
    Total Input Jitter      (TIJ):    0.000ns
    Discrete Jitter          (DJ):    0.000ns
    Phase Error              (PE):    0.000ns

    Location             Delay type                Incr(ns)  Path(ns)    Netlist Resource(s)
  -------------------------------------------------------------------    -------------------
                         (clock sys_clk_pin rise edge)
                                                      0.000     0.000 r  
    W5                                                0.000     0.000 r  clk (IN)
                         net (fo=0)                   0.000     0.000    clk
    W5                   IBUF (Prop_ibuf_I_O)         1.458     1.458 r  clk_IBUF_inst/O
                         net (fo=1, routed)           1.967     3.425    clk_IBUF
    BUFGCTRL_X0Y0        BUFG (Prop_bufg_I_O)         0.096     3.521 r  clk_IBUF_BUFG_inst/O
                         net (fo=431, routed)         1.557     5.078    U_VGA_DECODER/U_HV_COUNTER/clk_IBUF_BUFG
    SLICE_X11Y56         FDCE                                         r  U_VGA_DECODER/U_HV_COUNTER/o_vcount_reg[4]/C
  -------------------------------------------------------------------    -------------------
    SLICE_X11Y56         FDCE (Prop_fdce_C_Q)         0.419     5.497 r  U_VGA_DECODER/U_HV_COUNTER/o_vcount_reg[4]/Q
                         net (fo=8, routed)           0.428     5.925    U_TOP_BUFFER/U_TOP_FRAMEBUFFER/U_FRAMEBUFFER_READER/addr0_6[4]
    DSP48_X0Y22          DSP48E1 (Prop_dsp48e1_A[4]_P[2])
                                                      4.016     9.941 r  U_TOP_BUFFER/U_TOP_FRAMEBUFFER/U_FRAMEBUFFER_READER/addr0/P[2]
                         net (fo=6, routed)           1.552    11.493    U_TOP_BUFFER/U_TOP_FRAMEBUFFER/U_FRAMEBUFFER_READER/addr0_n_103
    SLICE_X41Y61         LUT2 (Prop_lut2_I0_O)        0.150    11.643 r  U_TOP_BUFFER/U_TOP_FRAMEBUFFER/U_FRAMEBUFFER_READER/mem_reg_0_0_i_32/O
                         net (fo=10, routed)          1.925    13.568    U_TOP_BUFFER/U_TOP_CANVAS/U_CANVAS_BUFFER/U_canvas_buffer/ADDRBWRADDR[2]
    RAMB36_X2Y18         RAMB36E1                                     r  U_TOP_BUFFER/U_TOP_CANVAS/U_CANVAS_BUFFER/U_canvas_buffer/mem_reg_1_1__0/ADDRBWRADDR[2]
  -------------------------------------------------------------------    -------------------

                         (clock sys_clk_pin rise edge)
                                                     10.000    10.000 r  
    W5                                                0.000    10.000 r  clk (IN)
                         net (fo=0)                   0.000    10.000    clk
    W5                   IBUF (Prop_ibuf_I_O)         1.388    11.388 r  clk_IBUF_inst/O
                         net (fo=1, routed)           1.862    13.250    clk_IBUF
    BUFGCTRL_X0Y0        BUFG (Prop_bufg_I_O)         0.091    13.341 r  clk_IBUF_BUFG_inst/O
                         net (fo=431, routed)         1.484    14.825    U_TOP_BUFFER/U_TOP_CANVAS/U_CANVAS_BUFFER/U_canvas_buffer/clk_IBUF_BUFG
    RAMB36_X2Y18         RAMB36E1                                     r  U_TOP_BUFFER/U_TOP_CANVAS/U_CANVAS_BUFFER/U_canvas_buffer/mem_reg_1_1__0/CLKBWRCLK
                         clock pessimism              0.187    15.012    
                         clock uncertainty           -0.035    14.977    
    RAMB36_X2Y18         RAMB36E1 (Setup_ramb36e1_CLKBWRCLK_ADDRBWRADDR[2])
                                                     -0.768    14.209    U_TOP_BUFFER/U_TOP_CANVAS/U_CANVAS_BUFFER/U_canvas_buffer/mem_reg_1_1__0
  -------------------------------------------------------------------
                         required time                         14.209    
                         arrival time                         -13.568    
  -------------------------------------------------------------------
                         slack                                  0.640    

Slack (MET) :             0.683ns  (required time - arrival time)
  Source:                 U_VGA_DECODER/U_HV_COUNTER/o_vcount_reg[4]/C
                            (rising edge-triggered cell FDCE clocked by sys_clk_pin  {rise@0.000ns fall@5.000ns period=10.000ns})
  Destination:            U_TOP_BUFFER/U_TOP_FRAMEBUFFER/U_FRAMEBUFFER/mem_reg_1_10__0/ADDRBWRADDR[4]
                            (rising edge-triggered cell RAMB36E1 clocked by sys_clk_pin  {rise@0.000ns fall@5.000ns period=10.000ns})
  Path Group:             sys_clk_pin
  Path Type:              Setup (Max at Slow Process Corner)
  Requirement:            10.000ns  (sys_clk_pin rise@10.000ns - sys_clk_pin rise@0.000ns)
  Data Path Delay:        8.651ns  (logic 4.559ns (52.699%)  route 4.092ns (47.301%))
  Logic Levels:           2  (DSP48E1=1 LUT2=1)
  Clock Path Skew:        -0.065ns (DCD - SCD + CPR)
    Destination Clock Delay (DCD):    4.826ns = ( 14.826 - 10.000 ) 
    Source Clock Delay      (SCD):    5.078ns
    Clock Pessimism Removal (CPR):    0.187ns
  Clock Uncertainty:      0.035ns  ((TSJ^2 + TIJ^2)^1/2 + DJ) / 2 + PE
    Total System Jitter     (TSJ):    0.071ns
    Total Input Jitter      (TIJ):    0.000ns
    Discrete Jitter          (DJ):    0.000ns
    Phase Error              (PE):    0.000ns

    Location             Delay type                Incr(ns)  Path(ns)    Netlist Resource(s)
  -------------------------------------------------------------------    -------------------
                         (clock sys_clk_pin rise edge)
                                                      0.000     0.000 r  
    W5                                                0.000     0.000 r  clk (IN)
                         net (fo=0)                   0.000     0.000    clk
    W5                   IBUF (Prop_ibuf_I_O)         1.458     1.458 r  clk_IBUF_inst/O
                         net (fo=1, routed)           1.967     3.425    clk_IBUF
    BUFGCTRL_X0Y0        BUFG (Prop_bufg_I_O)         0.096     3.521 r  clk_IBUF_BUFG_inst/O
                         net (fo=431, routed)         1.557     5.078    U_VGA_DECODER/U_HV_COUNTER/clk_IBUF_BUFG
    SLICE_X11Y56         FDCE                                         r  U_VGA_DECODER/U_HV_COUNTER/o_vcount_reg[4]/C
  -------------------------------------------------------------------    -------------------
    SLICE_X11Y56         FDCE (Prop_fdce_C_Q)         0.419     5.497 r  U_VGA_DECODER/U_HV_COUNTER/o_vcount_reg[4]/Q
                         net (fo=8, routed)           0.428     5.925    U_TOP_BUFFER/U_TOP_FRAMEBUFFER/U_FRAMEBUFFER_READER/addr0_6[4]
    DSP48_X0Y22          DSP48E1 (Prop_dsp48e1_A[4]_P[4])
                                                      4.016     9.941 r  U_TOP_BUFFER/U_TOP_FRAMEBUFFER/U_FRAMEBUFFER_READER/addr0/P[4]
                         net (fo=6, routed)           1.460    11.401    U_TOP_BUFFER/U_TOP_FRAMEBUFFER/U_FRAMEBUFFER_READER/addr0_n_101
    SLICE_X8Y70          LUT2 (Prop_lut2_I0_O)        0.124    11.525 r  U_TOP_BUFFER/U_TOP_FRAMEBUFFER/U_FRAMEBUFFER_READER/mem_reg_1_9__0_i_11/O
                         net (fo=6, routed)           2.204    13.729    U_TOP_BUFFER/U_TOP_FRAMEBUFFER/U_FRAMEBUFFER/mem_reg_1_9__0_0[4]
    RAMB36_X2Y11         RAMB36E1                                     r  U_TOP_BUFFER/U_TOP_FRAMEBUFFER/U_FRAMEBUFFER/mem_reg_1_10__0/ADDRBWRADDR[4]
  -------------------------------------------------------------------    -------------------

                         (clock sys_clk_pin rise edge)
                                                     10.000    10.000 r  
    W5                                                0.000    10.000 r  clk (IN)
                         net (fo=0)                   0.000    10.000    clk
    W5                   IBUF (Prop_ibuf_I_O)         1.388    11.388 r  clk_IBUF_inst/O
                         net (fo=1, routed)           1.862    13.250    clk_IBUF
    BUFGCTRL_X0Y0        BUFG (Prop_bufg_I_O)         0.091    13.341 r  clk_IBUF_BUFG_inst/O
                         net (fo=431, routed)         1.485    14.826    U_TOP_BUFFER/U_TOP_FRAMEBUFFER/U_FRAMEBUFFER/clk_IBUF_BUFG
    RAMB36_X2Y11         RAMB36E1                                     r  U_TOP_BUFFER/U_TOP_FRAMEBUFFER/U_FRAMEBUFFER/mem_reg_1_10__0/CLKBWRCLK
                         clock pessimism              0.187    15.013    
                         clock uncertainty           -0.035    14.978    
    RAMB36_X2Y11         RAMB36E1 (Setup_ramb36e1_CLKBWRCLK_ADDRBWRADDR[4])
                                                     -0.566    14.412    U_TOP_BUFFER/U_TOP_FRAMEBUFFER/U_FRAMEBUFFER/mem_reg_1_10__0
  -------------------------------------------------------------------
                         required time                         14.412    
                         arrival time                         -13.729    
  -------------------------------------------------------------------
                         slack                                  0.683    

Slack (MET) :             0.710ns  (required time - arrival time)
  Source:                 U_VGA_DECODER/U_HV_COUNTER/o_vcount_reg[4]/C
                            (rising edge-triggered cell FDCE clocked by sys_clk_pin  {rise@0.000ns fall@5.000ns period=10.000ns})
  Destination:            U_TOP_BUFFER/U_TOP_CANVAS/U_CANVAS_BUFFER/U_canvas_buffer/mem_reg_1_1__0/ADDRBWRADDR[3]
                            (rising edge-triggered cell RAMB36E1 clocked by sys_clk_pin  {rise@0.000ns fall@5.000ns period=10.000ns})
  Path Group:             sys_clk_pin
  Path Type:              Setup (Max at Slow Process Corner)
  Requirement:            10.000ns  (sys_clk_pin rise@10.000ns - sys_clk_pin rise@0.000ns)
  Data Path Delay:        8.622ns  (logic 4.559ns (52.874%)  route 4.063ns (47.126%))
  Logic Levels:           2  (DSP48E1=1 LUT2=1)
  Clock Path Skew:        -0.066ns (DCD - SCD + CPR)
    Destination Clock Delay (DCD):    4.825ns = ( 14.825 - 10.000 ) 
    Source Clock Delay      (SCD):    5.078ns
    Clock Pessimism Removal (CPR):    0.187ns
  Clock Uncertainty:      0.035ns  ((TSJ^2 + TIJ^2)^1/2 + DJ) / 2 + PE
    Total System Jitter     (TSJ):    0.071ns
    Total Input Jitter      (TIJ):    0.000ns
    Discrete Jitter          (DJ):    0.000ns
    Phase Error              (PE):    0.000ns

    Location             Delay type                Incr(ns)  Path(ns)    Netlist Resource(s)
  -------------------------------------------------------------------    -------------------
                         (clock sys_clk_pin rise edge)
                                                      0.000     0.000 r  
    W5                                                0.000     0.000 r  clk (IN)
                         net (fo=0)                   0.000     0.000    clk
    W5                   IBUF (Prop_ibuf_I_O)         1.458     1.458 r  clk_IBUF_inst/O
                         net (fo=1, routed)           1.967     3.425    clk_IBUF
    BUFGCTRL_X0Y0        BUFG (Prop_bufg_I_O)         0.096     3.521 r  clk_IBUF_BUFG_inst/O
                         net (fo=431, routed)         1.557     5.078    U_VGA_DECODER/U_HV_COUNTER/clk_IBUF_BUFG
    SLICE_X11Y56         FDCE                                         r  U_VGA_DECODER/U_HV_COUNTER/o_vcount_reg[4]/C
  -------------------------------------------------------------------    -------------------
    SLICE_X11Y56         FDCE (Prop_fdce_C_Q)         0.419     5.497 r  U_VGA_DECODER/U_HV_COUNTER/o_vcount_reg[4]/Q
                         net (fo=8, routed)           0.428     5.925    U_TOP_BUFFER/U_TOP_FRAMEBUFFER/U_FRAMEBUFFER_READER/addr0_6[4]
    DSP48_X0Y22          DSP48E1 (Prop_dsp48e1_A[4]_P[3])
                                                      4.016     9.941 r  U_TOP_BUFFER/U_TOP_FRAMEBUFFER/U_FRAMEBUFFER_READER/addr0/P[3]
                         net (fo=6, routed)           1.592    11.533    U_TOP_BUFFER/U_TOP_FRAMEBUFFER/U_FRAMEBUFFER_READER/addr0_n_102
    SLICE_X41Y61         LUT2 (Prop_lut2_I0_O)        0.124    11.657 r  U_TOP_BUFFER/U_TOP_FRAMEBUFFER/U_FRAMEBUFFER_READER/mem_reg_0_0_i_31/O
                         net (fo=10, routed)          2.044    13.700    U_TOP_BUFFER/U_TOP_CANVAS/U_CANVAS_BUFFER/U_canvas_buffer/ADDRBWRADDR[3]
    RAMB36_X2Y18         RAMB36E1                                     r  U_TOP_BUFFER/U_TOP_CANVAS/U_CANVAS_BUFFER/U_canvas_buffer/mem_reg_1_1__0/ADDRBWRADDR[3]
  -------------------------------------------------------------------    -------------------

                         (clock sys_clk_pin rise edge)
                                                     10.000    10.000 r  
    W5                                                0.000    10.000 r  clk (IN)
                         net (fo=0)                   0.000    10.000    clk
    W5                   IBUF (Prop_ibuf_I_O)         1.388    11.388 r  clk_IBUF_inst/O
                         net (fo=1, routed)           1.862    13.250    clk_IBUF
    BUFGCTRL_X0Y0        BUFG (Prop_bufg_I_O)         0.091    13.341 r  clk_IBUF_BUFG_inst/O
                         net (fo=431, routed)         1.484    14.825    U_TOP_BUFFER/U_TOP_CANVAS/U_CANVAS_BUFFER/U_canvas_buffer/clk_IBUF_BUFG
    RAMB36_X2Y18         RAMB36E1                                     r  U_TOP_BUFFER/U_TOP_CANVAS/U_CANVAS_BUFFER/U_canvas_buffer/mem_reg_1_1__0/CLKBWRCLK
                         clock pessimism              0.187    15.012    
                         clock uncertainty           -0.035    14.977    
    RAMB36_X2Y18         RAMB36E1 (Setup_ramb36e1_CLKBWRCLK_ADDRBWRADDR[3])
                                                     -0.566    14.411    U_TOP_BUFFER/U_TOP_CANVAS/U_CANVAS_BUFFER/U_canvas_buffer/mem_reg_1_1__0
  -------------------------------------------------------------------
                         required time                         14.411    
                         arrival time                         -13.700    
  -------------------------------------------------------------------
                         slack                                  0.710    

Slack (MET) :             0.713ns  (required time - arrival time)
  Source:                 U_VGA_DECODER/U_HV_COUNTER/o_vcount_reg[4]/C
                            (rising edge-triggered cell FDCE clocked by sys_clk_pin  {rise@0.000ns fall@5.000ns period=10.000ns})
  Destination:            U_TOP_BUFFER/U_TOP_FRAMEBUFFER/U_FRAMEBUFFER/mem_reg_0_14/ADDRBWRADDR[15]
                            (rising edge-triggered cell RAMB36E1 clocked by sys_clk_pin  {rise@0.000ns fall@5.000ns period=10.000ns})
  Path Group:             sys_clk_pin
  Path Type:              Setup (Max at Slow Process Corner)
  Requirement:            10.000ns  (sys_clk_pin rise@10.000ns - sys_clk_pin rise@0.000ns)
  Data Path Delay:        8.458ns  (logic 4.583ns (54.185%)  route 3.875ns (45.815%))
  Logic Levels:           2  (DSP48E1=1 LUT2=1)
  Clock Path Skew:        -0.075ns (DCD - SCD + CPR)
    Destination Clock Delay (DCD):    4.823ns = ( 14.823 - 10.000 ) 
    Source Clock Delay      (SCD):    5.078ns
    Clock Pessimism Removal (CPR):    0.180ns
  Clock Uncertainty:      0.035ns  ((TSJ^2 + TIJ^2)^1/2 + DJ) / 2 + PE
    Total System Jitter     (TSJ):    0.071ns
    Total Input Jitter      (TIJ):    0.000ns
    Discrete Jitter          (DJ):    0.000ns
    Phase Error              (PE):    0.000ns

    Location             Delay type                Incr(ns)  Path(ns)    Netlist Resource(s)
  -------------------------------------------------------------------    -------------------
                         (clock sys_clk_pin rise edge)
                                                      0.000     0.000 r  
    W5                                                0.000     0.000 r  clk (IN)
                         net (fo=0)                   0.000     0.000    clk
    W5                   IBUF (Prop_ibuf_I_O)         1.458     1.458 r  clk_IBUF_inst/O
                         net (fo=1, routed)           1.967     3.425    clk_IBUF
    BUFGCTRL_X0Y0        BUFG (Prop_bufg_I_O)         0.096     3.521 r  clk_IBUF_BUFG_inst/O
                         net (fo=431, routed)         1.557     5.078    U_VGA_DECODER/U_HV_COUNTER/clk_IBUF_BUFG
    SLICE_X11Y56         FDCE                                         r  U_VGA_DECODER/U_HV_COUNTER/o_vcount_reg[4]/C
  -------------------------------------------------------------------    -------------------
    SLICE_X11Y56         FDCE (Prop_fdce_C_Q)         0.419     5.497 r  U_VGA_DECODER/U_HV_COUNTER/o_vcount_reg[4]/Q
                         net (fo=8, routed)           0.428     5.925    U_TOP_BUFFER/U_TOP_FRAMEBUFFER/U_FRAMEBUFFER_READER/addr0_6[4]
    DSP48_X0Y22          DSP48E1 (Prop_dsp48e1_A[4]_P[15])
                                                      4.016     9.941 r  U_TOP_BUFFER/U_TOP_FRAMEBUFFER/U_FRAMEBUFFER_READER/addr0/P[15]
                         net (fo=22, routed)          0.893    10.834    U_TOP_BUFFER/U_TOP_FRAMEBUFFER/U_FRAMEBUFFER_READER/P[0]
    SLICE_X8Y58          LUT2 (Prop_lut2_I0_O)        0.148    10.982 r  U_TOP_BUFFER/U_TOP_FRAMEBUFFER/U_FRAMEBUFFER_READER/mem_reg_0_10_i_1/O
                         net (fo=10, routed)          2.554    13.536    U_TOP_BUFFER/U_TOP_FRAMEBUFFER/U_FRAMEBUFFER/mem_reg_1_15_1[15]
    RAMB36_X1Y4          RAMB36E1                                     r  U_TOP_BUFFER/U_TOP_FRAMEBUFFER/U_FRAMEBUFFER/mem_reg_0_14/ADDRBWRADDR[15]
  -------------------------------------------------------------------    -------------------

                         (clock sys_clk_pin rise edge)
                                                     10.000    10.000 r  
    W5                                                0.000    10.000 r  clk (IN)
                         net (fo=0)                   0.000    10.000    clk
    W5                   IBUF (Prop_ibuf_I_O)         1.388    11.388 r  clk_IBUF_inst/O
                         net (fo=1, routed)           1.862    13.250    clk_IBUF
    BUFGCTRL_X0Y0        BUFG (Prop_bufg_I_O)         0.091    13.341 r  clk_IBUF_BUFG_inst/O
                         net (fo=431, routed)         1.482    14.823    U_TOP_BUFFER/U_TOP_FRAMEBUFFER/U_FRAMEBUFFER/clk_IBUF_BUFG
    RAMB36_X1Y4          RAMB36E1                                     r  U_TOP_BUFFER/U_TOP_FRAMEBUFFER/U_FRAMEBUFFER/mem_reg_0_14/CLKBWRCLK
                         clock pessimism              0.180    15.003    
                         clock uncertainty           -0.035    14.967    
    RAMB36_X1Y4          RAMB36E1 (Setup_ramb36e1_CLKBWRCLK_ADDRBWRADDR[15])
                                                     -0.719    14.248    U_TOP_BUFFER/U_TOP_FRAMEBUFFER/U_FRAMEBUFFER/mem_reg_0_14
  -------------------------------------------------------------------
                         required time                         14.248    
                         arrival time                         -13.536    
  -------------------------------------------------------------------
                         slack                                  0.713    

Slack (MET) :             0.715ns  (required time - arrival time)
  Source:                 U_VGA_DECODER/U_HV_COUNTER/o_vcount_reg[4]/C
                            (rising edge-triggered cell FDCE clocked by sys_clk_pin  {rise@0.000ns fall@5.000ns period=10.000ns})
  Destination:            U_TOP_BUFFER/U_TOP_FRAMEBUFFER/U_FRAMEBUFFER/mem_reg_1_15__0/ADDRBWRADDR[11]
                            (rising edge-triggered cell RAMB36E1 clocked by sys_clk_pin  {rise@0.000ns fall@5.000ns period=10.000ns})
  Path Group:             sys_clk_pin
  Path Type:              Setup (Max at Slow Process Corner)
  Requirement:            10.000ns  (sys_clk_pin rise@10.000ns - sys_clk_pin rise@0.000ns)
  Data Path Delay:        8.480ns  (logic 4.585ns (54.070%)  route 3.895ns (45.930%))
  Logic Levels:           2  (DSP48E1=1 LUT2=1)
  Clock Path Skew:        -0.002ns (DCD - SCD + CPR)
    Destination Clock Delay (DCD):    4.818ns = ( 14.818 - 10.000 ) 
    Source Clock Delay      (SCD):    5.078ns
    Clock Pessimism Removal (CPR):    0.258ns
  Clock Uncertainty:      0.035ns  ((TSJ^2 + TIJ^2)^1/2 + DJ) / 2 + PE
    Total System Jitter     (TSJ):    0.071ns
    Total Input Jitter      (TIJ):    0.000ns
    Discrete Jitter          (DJ):    0.000ns
    Phase Error              (PE):    0.000ns

    Location             Delay type                Incr(ns)  Path(ns)    Netlist Resource(s)
  -------------------------------------------------------------------    -------------------
                         (clock sys_clk_pin rise edge)
                                                      0.000     0.000 r  
    W5                                                0.000     0.000 r  clk (IN)
                         net (fo=0)                   0.000     0.000    clk
    W5                   IBUF (Prop_ibuf_I_O)         1.458     1.458 r  clk_IBUF_inst/O
                         net (fo=1, routed)           1.967     3.425    clk_IBUF
    BUFGCTRL_X0Y0        BUFG (Prop_bufg_I_O)         0.096     3.521 r  clk_IBUF_BUFG_inst/O
                         net (fo=431, routed)         1.557     5.078    U_VGA_DECODER/U_HV_COUNTER/clk_IBUF_BUFG
    SLICE_X11Y56         FDCE                                         r  U_VGA_DECODER/U_HV_COUNTER/o_vcount_reg[4]/C
  -------------------------------------------------------------------    -------------------
    SLICE_X11Y56         FDCE (Prop_fdce_C_Q)         0.419     5.497 r  U_VGA_DECODER/U_HV_COUNTER/o_vcount_reg[4]/Q
                         net (fo=8, routed)           0.428     5.925    U_TOP_BUFFER/U_TOP_FRAMEBUFFER/U_FRAMEBUFFER_READER/addr0_6[4]
    DSP48_X0Y22          DSP48E1 (Prop_dsp48e1_A[4]_P[11])
                                                      4.016     9.941 r  U_TOP_BUFFER/U_TOP_FRAMEBUFFER/U_FRAMEBUFFER_READER/addr0/P[11]
                         net (fo=6, routed)           1.935    11.876    U_TOP_BUFFER/U_TOP_FRAMEBUFFER/U_FRAMEBUFFER_READER/addr0_n_94
    SLICE_X37Y75         LUT2 (Prop_lut2_I0_O)        0.150    12.026 r  U_TOP_BUFFER/U_TOP_FRAMEBUFFER/U_FRAMEBUFFER_READER/mem_reg_1_9__0_i_4/O
                         net (fo=6, routed)           1.532    13.558    U_TOP_BUFFER/U_TOP_FRAMEBUFFER/U_FRAMEBUFFER/mem_reg_1_9__0_0[11]
    RAMB36_X0Y17         RAMB36E1                                     r  U_TOP_BUFFER/U_TOP_FRAMEBUFFER/U_FRAMEBUFFER/mem_reg_1_15__0/ADDRBWRADDR[11]
  -------------------------------------------------------------------    -------------------

                         (clock sys_clk_pin rise edge)
                                                     10.000    10.000 r  
    W5                                                0.000    10.000 r  clk (IN)
                         net (fo=0)                   0.000    10.000    clk
    W5                   IBUF (Prop_ibuf_I_O)         1.388    11.388 r  clk_IBUF_inst/O
                         net (fo=1, routed)           1.862    13.250    clk_IBUF
    BUFGCTRL_X0Y0        BUFG (Prop_bufg_I_O)         0.091    13.341 r  clk_IBUF_BUFG_inst/O
                         net (fo=431, routed)         1.477    14.818    U_TOP_BUFFER/U_TOP_FRAMEBUFFER/U_FRAMEBUFFER/clk_IBUF_BUFG
    RAMB36_X0Y17         RAMB36E1                                     r  U_TOP_BUFFER/U_TOP_FRAMEBUFFER/U_FRAMEBUFFER/mem_reg_1_15__0/CLKBWRCLK
                         clock pessimism              0.258    15.076    
                         clock uncertainty           -0.035    15.041    
    RAMB36_X0Y17         RAMB36E1 (Setup_ramb36e1_CLKBWRCLK_ADDRBWRADDR[11])
                                                     -0.768    14.273    U_TOP_BUFFER/U_TOP_FRAMEBUFFER/U_FRAMEBUFFER/mem_reg_1_15__0
  -------------------------------------------------------------------
                         required time                         14.273    
                         arrival time                         -13.558    
  -------------------------------------------------------------------
                         slack                                  0.715    

Slack (MET) :             0.729ns  (required time - arrival time)
  Source:                 U_VGA_DECODER/U_HV_COUNTER/o_vcount_reg[4]/C
                            (rising edge-triggered cell FDCE clocked by sys_clk_pin  {rise@0.000ns fall@5.000ns period=10.000ns})
  Destination:            U_TOP_BUFFER/U_TOP_FRAMEBUFFER/U_FRAMEBUFFER/mem_reg_1_14__0/ADDRBWRADDR[11]
                            (rising edge-triggered cell RAMB36E1 clocked by sys_clk_pin  {rise@0.000ns fall@5.000ns period=10.000ns})
  Path Group:             sys_clk_pin
  Path Type:              Setup (Max at Slow Process Corner)
  Requirement:            10.000ns  (sys_clk_pin rise@10.000ns - sys_clk_pin rise@0.000ns)
  Data Path Delay:        8.400ns  (logic 4.585ns (54.581%)  route 3.815ns (45.419%))
  Logic Levels:           2  (DSP48E1=1 LUT2=1)
  Clock Path Skew:        -0.067ns (DCD - SCD + CPR)
    Destination Clock Delay (DCD):    4.824ns = ( 14.824 - 10.000 ) 
    Source Clock Delay      (SCD):    5.078ns
    Clock Pessimism Removal (CPR):    0.187ns
  Clock Uncertainty:      0.035ns  ((TSJ^2 + TIJ^2)^1/2 + DJ) / 2 + PE
    Total System Jitter     (TSJ):    0.071ns
    Total Input Jitter      (TIJ):    0.000ns
    Discrete Jitter          (DJ):    0.000ns
    Phase Error              (PE):    0.000ns

    Location             Delay type                Incr(ns)  Path(ns)    Netlist Resource(s)
  -------------------------------------------------------------------    -------------------
                         (clock sys_clk_pin rise edge)
                                                      0.000     0.000 r  
    W5                                                0.000     0.000 r  clk (IN)
                         net (fo=0)                   0.000     0.000    clk
    W5                   IBUF (Prop_ibuf_I_O)         1.458     1.458 r  clk_IBUF_inst/O
                         net (fo=1, routed)           1.967     3.425    clk_IBUF
    BUFGCTRL_X0Y0        BUFG (Prop_bufg_I_O)         0.096     3.521 r  clk_IBUF_BUFG_inst/O
                         net (fo=431, routed)         1.557     5.078    U_VGA_DECODER/U_HV_COUNTER/clk_IBUF_BUFG
    SLICE_X11Y56         FDCE                                         r  U_VGA_DECODER/U_HV_COUNTER/o_vcount_reg[4]/C
  -------------------------------------------------------------------    -------------------
    SLICE_X11Y56         FDCE (Prop_fdce_C_Q)         0.419     5.497 r  U_VGA_DECODER/U_HV_COUNTER/o_vcount_reg[4]/Q
                         net (fo=8, routed)           0.428     5.925    U_TOP_BUFFER/U_TOP_FRAMEBUFFER/U_FRAMEBUFFER_READER/addr0_6[4]
    DSP48_X0Y22          DSP48E1 (Prop_dsp48e1_A[4]_P[11])
                                                      4.016     9.941 r  U_TOP_BUFFER/U_TOP_FRAMEBUFFER/U_FRAMEBUFFER_READER/addr0/P[11]
                         net (fo=6, routed)           1.935    11.876    U_TOP_BUFFER/U_TOP_FRAMEBUFFER/U_FRAMEBUFFER_READER/addr0_n_94
    SLICE_X37Y75         LUT2 (Prop_lut2_I0_O)        0.150    12.026 r  U_TOP_BUFFER/U_TOP_FRAMEBUFFER/U_FRAMEBUFFER_READER/mem_reg_1_9__0_i_4/O
                         net (fo=6, routed)           1.452    13.478    U_TOP_BUFFER/U_TOP_FRAMEBUFFER/U_FRAMEBUFFER/mem_reg_1_9__0_0[11]
    RAMB36_X1Y11         RAMB36E1                                     r  U_TOP_BUFFER/U_TOP_FRAMEBUFFER/U_FRAMEBUFFER/mem_reg_1_14__0/ADDRBWRADDR[11]
  -------------------------------------------------------------------    -------------------

                         (clock sys_clk_pin rise edge)
                                                     10.000    10.000 r  
    W5                                                0.000    10.000 r  clk (IN)
                         net (fo=0)                   0.000    10.000    clk
    W5                   IBUF (Prop_ibuf_I_O)         1.388    11.388 r  clk_IBUF_inst/O
                         net (fo=1, routed)           1.862    13.250    clk_IBUF
    BUFGCTRL_X0Y0        BUFG (Prop_bufg_I_O)         0.091    13.341 r  clk_IBUF_BUFG_inst/O
                         net (fo=431, routed)         1.483    14.824    U_TOP_BUFFER/U_TOP_FRAMEBUFFER/U_FRAMEBUFFER/clk_IBUF_BUFG
    RAMB36_X1Y11         RAMB36E1                                     r  U_TOP_BUFFER/U_TOP_FRAMEBUFFER/U_FRAMEBUFFER/mem_reg_1_14__0/CLKBWRCLK
                         clock pessimism              0.187    15.011    
                         clock uncertainty           -0.035    14.976    
    RAMB36_X1Y11         RAMB36E1 (Setup_ramb36e1_CLKBWRCLK_ADDRBWRADDR[11])
                                                     -0.768    14.208    U_TOP_BUFFER/U_TOP_FRAMEBUFFER/U_FRAMEBUFFER/mem_reg_1_14__0
  -------------------------------------------------------------------
                         required time                         14.208    
                         arrival time                         -13.478    
  -------------------------------------------------------------------
                         slack                                  0.729    

Slack (MET) :             0.732ns  (required time - arrival time)
  Source:                 U_VGA_DECODER/U_HV_COUNTER/o_vcount_reg[4]/C
                            (rising edge-triggered cell FDCE clocked by sys_clk_pin  {rise@0.000ns fall@5.000ns period=10.000ns})
  Destination:            U_TOP_BUFFER/U_TOP_FRAMEBUFFER/U_FRAMEBUFFER/mem_reg_1_13__0/ADDRBWRADDR[7]
                            (rising edge-triggered cell RAMB36E1 clocked by sys_clk_pin  {rise@0.000ns fall@5.000ns period=10.000ns})
  Path Group:             sys_clk_pin
  Path Type:              Setup (Max at Slow Process Corner)
  Requirement:            10.000ns  (sys_clk_pin rise@10.000ns - sys_clk_pin rise@0.000ns)
  Data Path Delay:        8.398ns  (logic 4.585ns (54.597%)  route 3.813ns (45.403%))
  Logic Levels:           2  (DSP48E1=1 LUT2=1)
  Clock Path Skew:        -0.067ns (DCD - SCD + CPR)
    Destination Clock Delay (DCD):    4.824ns = ( 14.824 - 10.000 ) 
    Source Clock Delay      (SCD):    5.078ns
    Clock Pessimism Removal (CPR):    0.187ns
  Clock Uncertainty:      0.035ns  ((TSJ^2 + TIJ^2)^1/2 + DJ) / 2 + PE
    Total System Jitter     (TSJ):    0.071ns
    Total Input Jitter      (TIJ):    0.000ns
    Discrete Jitter          (DJ):    0.000ns
    Phase Error              (PE):    0.000ns

    Location             Delay type                Incr(ns)  Path(ns)    Netlist Resource(s)
  -------------------------------------------------------------------    -------------------
                         (clock sys_clk_pin rise edge)
                                                      0.000     0.000 r  
    W5                                                0.000     0.000 r  clk (IN)
                         net (fo=0)                   0.000     0.000    clk
    W5                   IBUF (Prop_ibuf_I_O)         1.458     1.458 r  clk_IBUF_inst/O
                         net (fo=1, routed)           1.967     3.425    clk_IBUF
    BUFGCTRL_X0Y0        BUFG (Prop_bufg_I_O)         0.096     3.521 r  clk_IBUF_BUFG_inst/O
                         net (fo=431, routed)         1.557     5.078    U_VGA_DECODER/U_HV_COUNTER/clk_IBUF_BUFG
    SLICE_X11Y56         FDCE                                         r  U_VGA_DECODER/U_HV_COUNTER/o_vcount_reg[4]/C
  -------------------------------------------------------------------    -------------------
    SLICE_X11Y56         FDCE (Prop_fdce_C_Q)         0.419     5.497 r  U_VGA_DECODER/U_HV_COUNTER/o_vcount_reg[4]/Q
                         net (fo=8, routed)           0.428     5.925    U_TOP_BUFFER/U_TOP_FRAMEBUFFER/U_FRAMEBUFFER_READER/addr0_6[4]
    DSP48_X0Y22          DSP48E1 (Prop_dsp48e1_A[4]_P[7])
                                                      4.016     9.941 r  U_TOP_BUFFER/U_TOP_FRAMEBUFFER/U_FRAMEBUFFER_READER/addr0/P[7]
                         net (fo=6, routed)           1.702    11.643    U_TOP_BUFFER/U_TOP_FRAMEBUFFER/U_FRAMEBUFFER_READER/addr0_n_98
    SLICE_X29Y77         LUT2 (Prop_lut2_I0_O)        0.150    11.793 r  U_TOP_BUFFER/U_TOP_FRAMEBUFFER/U_FRAMEBUFFER_READER/mem_reg_1_9__0_i_8/O
                         net (fo=6, routed)           1.683    13.476    U_TOP_BUFFER/U_TOP_FRAMEBUFFER/U_FRAMEBUFFER/mem_reg_1_9__0_0[7]
    RAMB36_X1Y19         RAMB36E1                                     r  U_TOP_BUFFER/U_TOP_FRAMEBUFFER/U_FRAMEBUFFER/mem_reg_1_13__0/ADDRBWRADDR[7]
  -------------------------------------------------------------------    -------------------

                         (clock sys_clk_pin rise edge)
                                                     10.000    10.000 r  
    W5                                                0.000    10.000 r  clk (IN)
                         net (fo=0)                   0.000    10.000    clk
    W5                   IBUF (Prop_ibuf_I_O)         1.388    11.388 r  clk_IBUF_inst/O
                         net (fo=1, routed)           1.862    13.250    clk_IBUF
    BUFGCTRL_X0Y0        BUFG (Prop_bufg_I_O)         0.091    13.341 r  clk_IBUF_BUFG_inst/O
                         net (fo=431, routed)         1.483    14.824    U_TOP_BUFFER/U_TOP_FRAMEBUFFER/U_FRAMEBUFFER/clk_IBUF_BUFG
    RAMB36_X1Y19         RAMB36E1                                     r  U_TOP_BUFFER/U_TOP_FRAMEBUFFER/U_FRAMEBUFFER/mem_reg_1_13__0/CLKBWRCLK
                         clock pessimism              0.187    15.011    
                         clock uncertainty           -0.035    14.976    
    RAMB36_X1Y19         RAMB36E1 (Setup_ramb36e1_CLKBWRCLK_ADDRBWRADDR[7])
                                                     -0.768    14.208    U_TOP_BUFFER/U_TOP_FRAMEBUFFER/U_FRAMEBUFFER/mem_reg_1_13__0
  -------------------------------------------------------------------
                         required time                         14.208    
                         arrival time                         -13.476    
  -------------------------------------------------------------------
                         slack                                  0.732    

Slack (MET) :             0.733ns  (required time - arrival time)
  Source:                 U_VGA_DECODER/U_HV_COUNTER/o_vcount_reg[4]/C
                            (rising edge-triggered cell FDCE clocked by sys_clk_pin  {rise@0.000ns fall@5.000ns period=10.000ns})
  Destination:            U_TOP_BUFFER/U_TOP_CANVAS/U_CANVAS_BUFFER/U_canvas_buffer/mem_reg_1_1__0/ADDRBWRADDR[4]
                            (rising edge-triggered cell RAMB36E1 clocked by sys_clk_pin  {rise@0.000ns fall@5.000ns period=10.000ns})
  Path Group:             sys_clk_pin
  Path Type:              Setup (Max at Slow Process Corner)
  Requirement:            10.000ns  (sys_clk_pin rise@10.000ns - sys_clk_pin rise@0.000ns)
  Data Path Delay:        8.398ns  (logic 4.585ns (54.597%)  route 3.813ns (45.403%))
  Logic Levels:           2  (DSP48E1=1 LUT2=1)
  Clock Path Skew:        -0.066ns (DCD - SCD + CPR)
    Destination Clock Delay (DCD):    4.825ns = ( 14.825 - 10.000 ) 
    Source Clock Delay      (SCD):    5.078ns
    Clock Pessimism Removal (CPR):    0.187ns
  Clock Uncertainty:      0.035ns  ((TSJ^2 + TIJ^2)^1/2 + DJ) / 2 + PE
    Total System Jitter     (TSJ):    0.071ns
    Total Input Jitter      (TIJ):    0.000ns
    Discrete Jitter          (DJ):    0.000ns
    Phase Error              (PE):    0.000ns

    Location             Delay type                Incr(ns)  Path(ns)    Netlist Resource(s)
  -------------------------------------------------------------------    -------------------
                         (clock sys_clk_pin rise edge)
                                                      0.000     0.000 r  
    W5                                                0.000     0.000 r  clk (IN)
                         net (fo=0)                   0.000     0.000    clk
    W5                   IBUF (Prop_ibuf_I_O)         1.458     1.458 r  clk_IBUF_inst/O
                         net (fo=1, routed)           1.967     3.425    clk_IBUF
    BUFGCTRL_X0Y0        BUFG (Prop_bufg_I_O)         0.096     3.521 r  clk_IBUF_BUFG_inst/O
                         net (fo=431, routed)         1.557     5.078    U_VGA_DECODER/U_HV_COUNTER/clk_IBUF_BUFG
    SLICE_X11Y56         FDCE                                         r  U_VGA_DECODER/U_HV_COUNTER/o_vcount_reg[4]/C
  -------------------------------------------------------------------    -------------------
    SLICE_X11Y56         FDCE (Prop_fdce_C_Q)         0.419     5.497 r  U_VGA_DECODER/U_HV_COUNTER/o_vcount_reg[4]/Q
                         net (fo=8, routed)           0.428     5.925    U_TOP_BUFFER/U_TOP_FRAMEBUFFER/U_FRAMEBUFFER_READER/addr0_6[4]
    DSP48_X0Y22          DSP48E1 (Prop_dsp48e1_A[4]_P[4])
                                                      4.016     9.941 r  U_TOP_BUFFER/U_TOP_FRAMEBUFFER/U_FRAMEBUFFER_READER/addr0/P[4]
                         net (fo=6, routed)           1.641    11.582    U_TOP_BUFFER/U_TOP_FRAMEBUFFER/U_FRAMEBUFFER_READER/addr0_n_101
    SLICE_X49Y58         LUT2 (Prop_lut2_I0_O)        0.150    11.732 r  U_TOP_BUFFER/U_TOP_FRAMEBUFFER/U_FRAMEBUFFER_READER/mem_reg_0_0_i_30/O
                         net (fo=10, routed)          1.744    13.476    U_TOP_BUFFER/U_TOP_CANVAS/U_CANVAS_BUFFER/U_canvas_buffer/ADDRBWRADDR[4]
    RAMB36_X2Y18         RAMB36E1                                     r  U_TOP_BUFFER/U_TOP_CANVAS/U_CANVAS_BUFFER/U_canvas_buffer/mem_reg_1_1__0/ADDRBWRADDR[4]
  -------------------------------------------------------------------    -------------------

                         (clock sys_clk_pin rise edge)
                                                     10.000    10.000 r  
    W5                                                0.000    10.000 r  clk (IN)
                         net (fo=0)                   0.000    10.000    clk
    W5                   IBUF (Prop_ibuf_I_O)         1.388    11.388 r  clk_IBUF_inst/O
                         net (fo=1, routed)           1.862    13.250    clk_IBUF
    BUFGCTRL_X0Y0        BUFG (Prop_bufg_I_O)         0.091    13.341 r  clk_IBUF_BUFG_inst/O
                         net (fo=431, routed)         1.484    14.825    U_TOP_BUFFER/U_TOP_CANVAS/U_CANVAS_BUFFER/U_canvas_buffer/clk_IBUF_BUFG
    RAMB36_X2Y18         RAMB36E1                                     r  U_TOP_BUFFER/U_TOP_CANVAS/U_CANVAS_BUFFER/U_canvas_buffer/mem_reg_1_1__0/CLKBWRCLK
                         clock pessimism              0.187    15.012    
                         clock uncertainty           -0.035    14.977    
    RAMB36_X2Y18         RAMB36E1 (Setup_ramb36e1_CLKBWRCLK_ADDRBWRADDR[4])
                                                     -0.768    14.209    U_TOP_BUFFER/U_TOP_CANVAS/U_CANVAS_BUFFER/U_canvas_buffer/mem_reg_1_1__0
  -------------------------------------------------------------------
                         required time                         14.209    
                         arrival time                         -13.476    
  -------------------------------------------------------------------
                         slack                                  0.733    





Min Delay Paths
--------------------------------------------------------------------------------------
Slack (MET) :             0.093ns  (arrival time - required time)
  Source:                 U_PEN_CONFIG_CONTROLLER/o_texture_shape_reg[1]/C
                            (rising edge-triggered cell FDCE clocked by sys_clk_pin  {rise@0.000ns fall@5.000ns period=10.000ns})
  Destination:            U_UART_PACKET_SENDER/texture_shape_latched_reg[1]/D
                            (rising edge-triggered cell FDCE clocked by sys_clk_pin  {rise@0.000ns fall@5.000ns period=10.000ns})
  Path Group:             sys_clk_pin
  Path Type:              Hold (Min at Fast Process Corner)
  Requirement:            0.000ns  (sys_clk_pin rise@0.000ns - sys_clk_pin rise@0.000ns)
  Data Path Delay:        0.420ns  (logic 0.141ns (33.606%)  route 0.279ns (66.394%))
  Logic Levels:           0  
  Clock Path Skew:        0.261ns (DCD - SCD - CPR)
    Destination Clock Delay (DCD):    1.941ns
    Source Clock Delay      (SCD):    1.431ns
    Clock Pessimism Removal (CPR):    0.249ns

    Location             Delay type                Incr(ns)  Path(ns)    Netlist Resource(s)
  -------------------------------------------------------------------    -------------------
                         (clock sys_clk_pin rise edge)
                                                      0.000     0.000 r  
    W5                                                0.000     0.000 r  clk (IN)
                         net (fo=0)                   0.000     0.000    clk
    W5                   IBUF (Prop_ibuf_I_O)         0.226     0.226 r  clk_IBUF_inst/O
                         net (fo=1, routed)           0.631     0.858    clk_IBUF
    BUFGCTRL_X0Y0        BUFG (Prop_bufg_I_O)         0.026     0.884 r  clk_IBUF_BUFG_inst/O
                         net (fo=431, routed)         0.548     1.431    U_PEN_CONFIG_CONTROLLER/clk_IBUF_BUFG
    SLICE_X32Y75         FDCE                                         r  U_PEN_CONFIG_CONTROLLER/o_texture_shape_reg[1]/C
  -------------------------------------------------------------------    -------------------
    SLICE_X32Y75         FDCE (Prop_fdce_C_Q)         0.141     1.572 r  U_PEN_CONFIG_CONTROLLER/o_texture_shape_reg[1]/Q
                         net (fo=12, routed)          0.279     1.851    U_UART_PACKET_SENDER/texture_shape_latched_reg[2]_0[1]
    SLICE_X36Y74         FDCE                                         r  U_UART_PACKET_SENDER/texture_shape_latched_reg[1]/D
  -------------------------------------------------------------------    -------------------

                         (clock sys_clk_pin rise edge)
                                                      0.000     0.000 r  
    W5                                                0.000     0.000 r  clk (IN)
                         net (fo=0)                   0.000     0.000    clk
    W5                   IBUF (Prop_ibuf_I_O)         0.414     0.414 r  clk_IBUF_inst/O
                         net (fo=1, routed)           0.685     1.099    clk_IBUF
    BUFGCTRL_X0Y0        BUFG (Prop_bufg_I_O)         0.029     1.128 r  clk_IBUF_BUFG_inst/O
                         net (fo=431, routed)         0.813     1.941    U_UART_PACKET_SENDER/clk_IBUF_BUFG
    SLICE_X36Y74         FDCE                                         r  U_UART_PACKET_SENDER/texture_shape_latched_reg[1]/C
                         clock pessimism             -0.249     1.692    
    SLICE_X36Y74         FDCE (Hold_fdce_C_D)         0.066     1.758    U_UART_PACKET_SENDER/texture_shape_latched_reg[1]
  -------------------------------------------------------------------
                         required time                         -1.758    
                         arrival time                           1.851    
  -------------------------------------------------------------------
                         slack                                  0.093    

Slack (MET) :             0.114ns  (arrival time - required time)
  Source:                 U_UART_PACKET_DECODER/o_clear_pulse_reg/C
                            (rising edge-triggered cell FDCE clocked by sys_clk_pin  {rise@0.000ns fall@5.000ns period=10.000ns})
  Destination:            U_PEN_CONFIG_CONTROLLER/clear_cnt_reg[5]/D
                            (rising edge-triggered cell FDCE clocked by sys_clk_pin  {rise@0.000ns fall@5.000ns period=10.000ns})
  Path Group:             sys_clk_pin
  Path Type:              Hold (Min at Fast Process Corner)
  Requirement:            0.000ns  (sys_clk_pin rise@0.000ns - sys_clk_pin rise@0.000ns)
  Data Path Delay:        0.484ns  (logic 0.189ns (39.061%)  route 0.295ns (60.939%))
  Logic Levels:           1  (LUT3=1)
  Clock Path Skew:        0.263ns (DCD - SCD - CPR)
    Destination Clock Delay (DCD):    1.952ns
    Source Clock Delay      (SCD):    1.440ns
    Clock Pessimism Removal (CPR):    0.249ns

    Location             Delay type                Incr(ns)  Path(ns)    Netlist Resource(s)
  -------------------------------------------------------------------    -------------------
                         (clock sys_clk_pin rise edge)
                                                      0.000     0.000 r  
    W5                                                0.000     0.000 r  clk (IN)
                         net (fo=0)                   0.000     0.000    clk
    W5                   IBUF (Prop_ibuf_I_O)         0.226     0.226 r  clk_IBUF_inst/O
                         net (fo=1, routed)           0.631     0.858    clk_IBUF
    BUFGCTRL_X0Y0        BUFG (Prop_bufg_I_O)         0.026     0.884 r  clk_IBUF_BUFG_inst/O
                         net (fo=431, routed)         0.557     1.440    U_UART_PACKET_DECODER/clk_IBUF_BUFG
    SLICE_X29Y84         FDCE                                         r  U_UART_PACKET_DECODER/o_clear_pulse_reg/C
  -------------------------------------------------------------------    -------------------
    SLICE_X29Y84         FDCE (Prop_fdce_C_Q)         0.141     1.581 f  U_UART_PACKET_DECODER/o_clear_pulse_reg/Q
                         net (fo=10, routed)          0.295     1.876    U_PEN_CONFIG_CONTROLLER/rx_clear_pulse
    SLICE_X41Y84         LUT3 (Prop_lut3_I0_O)        0.048     1.924 r  U_PEN_CONFIG_CONTROLLER/clear_cnt[5]_i_1/O
                         net (fo=1, routed)           0.000     1.924    U_PEN_CONFIG_CONTROLLER/clear_cnt[5]_i_1_n_0
    SLICE_X41Y84         FDCE                                         r  U_PEN_CONFIG_CONTROLLER/clear_cnt_reg[5]/D
  -------------------------------------------------------------------    -------------------

                         (clock sys_clk_pin rise edge)
                                                      0.000     0.000 r  
    W5                                                0.000     0.000 r  clk (IN)
                         net (fo=0)                   0.000     0.000    clk
    W5                   IBUF (Prop_ibuf_I_O)         0.414     0.414 r  clk_IBUF_inst/O
                         net (fo=1, routed)           0.685     1.099    clk_IBUF
    BUFGCTRL_X0Y0        BUFG (Prop_bufg_I_O)         0.029     1.128 r  clk_IBUF_BUFG_inst/O
                         net (fo=431, routed)         0.825     1.952    U_PEN_CONFIG_CONTROLLER/clk_IBUF_BUFG
    SLICE_X41Y84         FDCE                                         r  U_PEN_CONFIG_CONTROLLER/clear_cnt_reg[5]/C
                         clock pessimism             -0.249     1.703    
    SLICE_X41Y84         FDCE (Hold_fdce_C_D)         0.107     1.810    U_PEN_CONFIG_CONTROLLER/clear_cnt_reg[5]
  -------------------------------------------------------------------
                         required time                         -1.810    
                         arrival time                           1.924    
  -------------------------------------------------------------------
                         slack                                  0.114    

Slack (MET) :             0.124ns  (arrival time - required time)
  Source:                 U_PEN_CONFIG_CONTROLLER/o_size_reg/C
                            (rising edge-triggered cell FDCE clocked by sys_clk_pin  {rise@0.000ns fall@5.000ns period=10.000ns})
  Destination:            U_UART_PACKET_SENDER/control_latched_reg[5]/D
                            (rising edge-triggered cell FDCE clocked by sys_clk_pin  {rise@0.000ns fall@5.000ns period=10.000ns})
  Path Group:             sys_clk_pin
  Path Type:              Hold (Min at Fast Process Corner)
  Requirement:            0.000ns  (sys_clk_pin rise@0.000ns - sys_clk_pin rise@0.000ns)
  Data Path Delay:        0.454ns  (logic 0.141ns (31.071%)  route 0.313ns (68.929%))
  Logic Levels:           0  
  Clock Path Skew:        0.260ns (DCD - SCD - CPR)
    Destination Clock Delay (DCD):    1.941ns
    Source Clock Delay      (SCD):    1.432ns
    Clock Pessimism Removal (CPR):    0.249ns

    Location             Delay type                Incr(ns)  Path(ns)    Netlist Resource(s)
  -------------------------------------------------------------------    -------------------
                         (clock sys_clk_pin rise edge)
                                                      0.000     0.000 r  
    W5                                                0.000     0.000 r  clk (IN)
                         net (fo=0)                   0.000     0.000    clk
    W5                   IBUF (Prop_ibuf_I_O)         0.226     0.226 r  clk_IBUF_inst/O
                         net (fo=1, routed)           0.631     0.858    clk_IBUF
    BUFGCTRL_X0Y0        BUFG (Prop_bufg_I_O)         0.026     0.884 r  clk_IBUF_BUFG_inst/O
                         net (fo=431, routed)         0.549     1.432    U_PEN_CONFIG_CONTROLLER/clk_IBUF_BUFG
    SLICE_X28Y76         FDCE                                         r  U_PEN_CONFIG_CONTROLLER/o_size_reg/C
  -------------------------------------------------------------------    -------------------
    SLICE_X28Y76         FDCE (Prop_fdce_C_Q)         0.141     1.573 r  U_PEN_CONFIG_CONTROLLER/o_size_reg/Q
                         net (fo=10, routed)          0.313     1.886    U_UART_PACKET_SENDER/control_latched_reg[7]_0[4]
    SLICE_X39Y75         FDCE                                         r  U_UART_PACKET_SENDER/control_latched_reg[5]/D
  -------------------------------------------------------------------    -------------------

                         (clock sys_clk_pin rise edge)
                                                      0.000     0.000 r  
    W5                                                0.000     0.000 r  clk (IN)
                         net (fo=0)                   0.000     0.000    clk
    W5                   IBUF (Prop_ibuf_I_O)         0.414     0.414 r  clk_IBUF_inst/O
                         net (fo=1, routed)           0.685     1.099    clk_IBUF
    BUFGCTRL_X0Y0        BUFG (Prop_bufg_I_O)         0.029     1.128 r  clk_IBUF_BUFG_inst/O
                         net (fo=431, routed)         0.813     1.941    U_UART_PACKET_SENDER/clk_IBUF_BUFG
    SLICE_X39Y75         FDCE                                         r  U_UART_PACKET_SENDER/control_latched_reg[5]/C
                         clock pessimism             -0.249     1.692    
    SLICE_X39Y75         FDCE (Hold_fdce_C_D)         0.070     1.762    U_UART_PACKET_SENDER/control_latched_reg[5]
  -------------------------------------------------------------------
                         required time                         -1.762    
                         arrival time                           1.886    
  -------------------------------------------------------------------
                         slack                                  0.124    

Slack (MET) :             0.127ns  (arrival time - required time)
  Source:                 U_UART_PACKET_DECODER/o_clear_pulse_reg/C
                            (rising edge-triggered cell FDCE clocked by sys_clk_pin  {rise@0.000ns fall@5.000ns period=10.000ns})
  Destination:            U_PEN_CONFIG_CONTROLLER/clear_cnt_reg[1]/D
                            (rising edge-triggered cell FDCE clocked by sys_clk_pin  {rise@0.000ns fall@5.000ns period=10.000ns})
  Path Group:             sys_clk_pin
  Path Type:              Hold (Min at Fast Process Corner)
  Requirement:            0.000ns  (sys_clk_pin rise@0.000ns - sys_clk_pin rise@0.000ns)
  Data Path Delay:        0.481ns  (logic 0.186ns (38.681%)  route 0.295ns (61.319%))
  Logic Levels:           1  (LUT3=1)
  Clock Path Skew:        0.263ns (DCD - SCD - CPR)
    Destination Clock Delay (DCD):    1.952ns
    Source Clock Delay      (SCD):    1.440ns
    Clock Pessimism Removal (CPR):    0.249ns

    Location             Delay type                Incr(ns)  Path(ns)    Netlist Resource(s)
  -------------------------------------------------------------------    -------------------
                         (clock sys_clk_pin rise edge)
                                                      0.000     0.000 r  
    W5                                                0.000     0.000 r  clk (IN)
                         net (fo=0)                   0.000     0.000    clk
    W5                   IBUF (Prop_ibuf_I_O)         0.226     0.226 r  clk_IBUF_inst/O
                         net (fo=1, routed)           0.631     0.858    clk_IBUF
    BUFGCTRL_X0Y0        BUFG (Prop_bufg_I_O)         0.026     0.884 r  clk_IBUF_BUFG_inst/O
                         net (fo=431, routed)         0.557     1.440    U_UART_PACKET_DECODER/clk_IBUF_BUFG
    SLICE_X29Y84         FDCE                                         r  U_UART_PACKET_DECODER/o_clear_pulse_reg/C
  -------------------------------------------------------------------    -------------------
    SLICE_X29Y84         FDCE (Prop_fdce_C_Q)         0.141     1.581 f  U_UART_PACKET_DECODER/o_clear_pulse_reg/Q
                         net (fo=10, routed)          0.295     1.876    U_PEN_CONFIG_CONTROLLER/rx_clear_pulse
    SLICE_X41Y84         LUT3 (Prop_lut3_I2_O)        0.045     1.921 r  U_PEN_CONFIG_CONTROLLER/clear_cnt[1]_i_1/O
                         net (fo=1, routed)           0.000     1.921    U_PEN_CONFIG_CONTROLLER/p_1_in[1]
    SLICE_X41Y84         FDCE                                         r  U_PEN_CONFIG_CONTROLLER/clear_cnt_reg[1]/D
  -------------------------------------------------------------------    -------------------

                         (clock sys_clk_pin rise edge)
                                                      0.000     0.000 r  
    W5                                                0.000     0.000 r  clk (IN)
                         net (fo=0)                   0.000     0.000    clk
    W5                   IBUF (Prop_ibuf_I_O)         0.414     0.414 r  clk_IBUF_inst/O
                         net (fo=1, routed)           0.685     1.099    clk_IBUF
    BUFGCTRL_X0Y0        BUFG (Prop_bufg_I_O)         0.029     1.128 r  clk_IBUF_BUFG_inst/O
                         net (fo=431, routed)         0.825     1.952    U_PEN_CONFIG_CONTROLLER/clk_IBUF_BUFG
    SLICE_X41Y84         FDCE                                         r  U_PEN_CONFIG_CONTROLLER/clear_cnt_reg[1]/C
                         clock pessimism             -0.249     1.703    
    SLICE_X41Y84         FDCE (Hold_fdce_C_D)         0.091     1.794    U_PEN_CONFIG_CONTROLLER/clear_cnt_reg[1]
  -------------------------------------------------------------------
                         required time                         -1.794    
                         arrival time                           1.921    
  -------------------------------------------------------------------
                         slack                                  0.127    

Slack (MET) :             0.143ns  (arrival time - required time)
  Source:                 U_TOP_OV7670/U_SCCB_CTRL/reg_idx_reg_rep_rep[6]/C
                            (rising edge-triggered cell FDCE clocked by sys_clk_pin  {rise@0.000ns fall@5.000ns period=10.000ns})
  Destination:            U_TOP_OV7670/U_SCCB_CTRL/tx_data_reg[7]/D
                            (rising edge-triggered cell FDRE clocked by sys_clk_pin  {rise@0.000ns fall@5.000ns period=10.000ns})
  Path Group:             sys_clk_pin
  Path Type:              Hold (Min at Fast Process Corner)
  Requirement:            0.000ns  (sys_clk_pin rise@0.000ns - sys_clk_pin rise@0.000ns)
  Data Path Delay:        0.277ns  (logic 0.186ns (67.267%)  route 0.091ns (32.733%))
  Logic Levels:           1  (LUT5=1)
  Clock Path Skew:        0.013ns (DCD - SCD - CPR)
    Destination Clock Delay (DCD):    2.066ns
    Source Clock Delay      (SCD):    1.549ns
    Clock Pessimism Removal (CPR):    0.504ns

    Location             Delay type                Incr(ns)  Path(ns)    Netlist Resource(s)
  -------------------------------------------------------------------    -------------------
                         (clock sys_clk_pin rise edge)
                                                      0.000     0.000 r  
    W5                                                0.000     0.000 r  clk (IN)
                         net (fo=0)                   0.000     0.000    clk
    W5                   IBUF (Prop_ibuf_I_O)         0.226     0.226 r  clk_IBUF_inst/O
                         net (fo=1, routed)           0.631     0.858    clk_IBUF
    BUFGCTRL_X0Y0        BUFG (Prop_bufg_I_O)         0.026     0.884 r  clk_IBUF_BUFG_inst/O
                         net (fo=431, routed)         0.665     1.549    U_TOP_OV7670/U_SCCB_CTRL/clk_IBUF_BUFG
    SLICE_X3Y121         FDCE                                         r  U_TOP_OV7670/U_SCCB_CTRL/reg_idx_reg_rep_rep[6]/C
  -------------------------------------------------------------------    -------------------
    SLICE_X3Y121         FDCE (Prop_fdce_C_Q)         0.141     1.690 f  U_TOP_OV7670/U_SCCB_CTRL/reg_idx_reg_rep_rep[6]/Q
                         net (fo=8, routed)           0.091     1.780    U_TOP_OV7670/U_SCCB_CTRL/reg_idx_reg_rep_rep_n_0_[6]
    SLICE_X2Y121         LUT5 (Prop_lut5_I3_O)        0.045     1.825 r  U_TOP_OV7670/U_SCCB_CTRL/tx_data[7]_i_2/O
                         net (fo=1, routed)           0.000     1.825    U_TOP_OV7670/U_SCCB_CTRL/tx_data[7]_i_2_n_0
    SLICE_X2Y121         FDRE                                         r  U_TOP_OV7670/U_SCCB_CTRL/tx_data_reg[7]/D
  -------------------------------------------------------------------    -------------------

                         (clock sys_clk_pin rise edge)
                                                      0.000     0.000 r  
    W5                                                0.000     0.000 r  clk (IN)
                         net (fo=0)                   0.000     0.000    clk
    W5                   IBUF (Prop_ibuf_I_O)         0.414     0.414 r  clk_IBUF_inst/O
                         net (fo=1, routed)           0.685     1.099    clk_IBUF
    BUFGCTRL_X0Y0        BUFG (Prop_bufg_I_O)         0.029     1.128 r  clk_IBUF_BUFG_inst/O
                         net (fo=431, routed)         0.938     2.066    U_TOP_OV7670/U_SCCB_CTRL/clk_IBUF_BUFG
    SLICE_X2Y121         FDRE                                         r  U_TOP_OV7670/U_SCCB_CTRL/tx_data_reg[7]/C
                         clock pessimism             -0.504     1.562    
    SLICE_X2Y121         FDRE (Hold_fdre_C_D)         0.121     1.683    U_TOP_OV7670/U_SCCB_CTRL/tx_data_reg[7]
  -------------------------------------------------------------------
                         required time                         -1.683    
                         arrival time                           1.825    
  -------------------------------------------------------------------
                         slack                                  0.143    

Slack (MET) :             0.152ns  (arrival time - required time)
  Source:                 U_UART_PACKET_SENDER/paper_latched_reg/C
                            (rising edge-triggered cell FDCE clocked by sys_clk_pin  {rise@0.000ns fall@5.000ns period=10.000ns})
  Destination:            U_UART_PACKET_SENDER/U_UART_TX/data_buf_reg_reg[3]/D
                            (rising edge-triggered cell FDCE clocked by sys_clk_pin  {rise@0.000ns fall@5.000ns period=10.000ns})
  Path Group:             sys_clk_pin
  Path Type:              Hold (Min at Fast Process Corner)
  Requirement:            0.000ns  (sys_clk_pin rise@0.000ns - sys_clk_pin rise@0.000ns)
  Data Path Delay:        0.286ns  (logic 0.186ns (64.996%)  route 0.100ns (35.004%))
  Logic Levels:           1  (LUT6=1)
  Clock Path Skew:        0.013ns (DCD - SCD - CPR)
    Destination Clock Delay (DCD):    1.941ns
    Source Clock Delay      (SCD):    1.431ns
    Clock Pessimism Removal (CPR):    0.497ns

    Location             Delay type                Incr(ns)  Path(ns)    Netlist Resource(s)
  -------------------------------------------------------------------    -------------------
                         (clock sys_clk_pin rise edge)
                                                      0.000     0.000 r  
    W5                                                0.000     0.000 r  clk (IN)
                         net (fo=0)                   0.000     0.000    clk
    W5                   IBUF (Prop_ibuf_I_O)         0.226     0.226 r  clk_IBUF_inst/O
                         net (fo=1, routed)           0.631     0.858    clk_IBUF
    BUFGCTRL_X0Y0        BUFG (Prop_bufg_I_O)         0.026     0.884 r  clk_IBUF_BUFG_inst/O
                         net (fo=431, routed)         0.548     1.431    U_UART_PACKET_SENDER/clk_IBUF_BUFG
    SLICE_X37Y74         FDCE                                         r  U_UART_PACKET_SENDER/paper_latched_reg/C
  -------------------------------------------------------------------    -------------------
    SLICE_X37Y74         FDCE (Prop_fdce_C_Q)         0.141     1.572 r  U_UART_PACKET_SENDER/paper_latched_reg/Q
                         net (fo=1, routed)           0.100     1.672    U_UART_PACKET_SENDER/U_UART_TX/data3[3]
    SLICE_X38Y74         LUT6 (Prop_lut6_I4_O)        0.045     1.717 r  U_UART_PACKET_SENDER/U_UART_TX/data_buf_reg[3]_i_1/O
                         net (fo=1, routed)           0.000     1.717    U_UART_PACKET_SENDER/U_UART_TX/data_buf_next[3]
    SLICE_X38Y74         FDCE                                         r  U_UART_PACKET_SENDER/U_UART_TX/data_buf_reg_reg[3]/D
  -------------------------------------------------------------------    -------------------

                         (clock sys_clk_pin rise edge)
                                                      0.000     0.000 r  
    W5                                                0.000     0.000 r  clk (IN)
                         net (fo=0)                   0.000     0.000    clk
    W5                   IBUF (Prop_ibuf_I_O)         0.414     0.414 r  clk_IBUF_inst/O
                         net (fo=1, routed)           0.685     1.099    clk_IBUF
    BUFGCTRL_X0Y0        BUFG (Prop_bufg_I_O)         0.029     1.128 r  clk_IBUF_BUFG_inst/O
                         net (fo=431, routed)         0.813     1.941    U_UART_PACKET_SENDER/U_UART_TX/clk_IBUF_BUFG
    SLICE_X38Y74         FDCE                                         r  U_UART_PACKET_SENDER/U_UART_TX/data_buf_reg_reg[3]/C
                         clock pessimism             -0.497     1.444    
    SLICE_X38Y74         FDCE (Hold_fdce_C_D)         0.121     1.565    U_UART_PACKET_SENDER/U_UART_TX/data_buf_reg_reg[3]
  -------------------------------------------------------------------
                         required time                         -1.565    
                         arrival time                           1.717    
  -------------------------------------------------------------------
                         slack                                  0.152    

Slack (MET) :             0.154ns  (arrival time - required time)
  Source:                 U_PEN_CONFIG_CONTROLLER/clear_cnt_reg[6]/C
                            (rising edge-triggered cell FDCE clocked by sys_clk_pin  {rise@0.000ns fall@5.000ns period=10.000ns})
  Destination:            U_PEN_CONFIG_CONTROLLER/clear_active_reg/D
                            (rising edge-triggered cell FDCE clocked by sys_clk_pin  {rise@0.000ns fall@5.000ns period=10.000ns})
  Path Group:             sys_clk_pin
  Path Type:              Hold (Min at Fast Process Corner)
  Requirement:            0.000ns  (sys_clk_pin rise@0.000ns - sys_clk_pin rise@0.000ns)
  Data Path Delay:        0.287ns  (logic 0.186ns (64.889%)  route 0.101ns (35.111%))
  Logic Levels:           1  (LUT5=1)
  Clock Path Skew:        0.013ns (DCD - SCD - CPR)
    Destination Clock Delay (DCD):    1.952ns
    Source Clock Delay      (SCD):    1.440ns
    Clock Pessimism Removal (CPR):    0.499ns

    Location             Delay type                Incr(ns)  Path(ns)    Netlist Resource(s)
  -------------------------------------------------------------------    -------------------
                         (clock sys_clk_pin rise edge)
                                                      0.000     0.000 r  
    W5                                                0.000     0.000 r  clk (IN)
                         net (fo=0)                   0.000     0.000    clk
    W5                   IBUF (Prop_ibuf_I_O)         0.226     0.226 r  clk_IBUF_inst/O
                         net (fo=1, routed)           0.631     0.858    clk_IBUF
    BUFGCTRL_X0Y0        BUFG (Prop_bufg_I_O)         0.026     0.884 r  clk_IBUF_BUFG_inst/O
                         net (fo=431, routed)         0.557     1.440    U_PEN_CONFIG_CONTROLLER/clk_IBUF_BUFG
    SLICE_X43Y84         FDCE                                         r  U_PEN_CONFIG_CONTROLLER/clear_cnt_reg[6]/C
  -------------------------------------------------------------------    -------------------
    SLICE_X43Y84         FDCE (Prop_fdce_C_Q)         0.141     1.581 f  U_PEN_CONFIG_CONTROLLER/clear_cnt_reg[6]/Q
                         net (fo=3, routed)           0.101     1.682    U_PEN_CONFIG_CONTROLLER/clear_cnt[6]
    SLICE_X42Y84         LUT5 (Prop_lut5_I2_O)        0.045     1.727 r  U_PEN_CONFIG_CONTROLLER/clear_active_i_1/O
                         net (fo=1, routed)           0.000     1.727    U_PEN_CONFIG_CONTROLLER/clear_active_i_1_n_0
    SLICE_X42Y84         FDCE                                         r  U_PEN_CONFIG_CONTROLLER/clear_active_reg/D
  -------------------------------------------------------------------    -------------------

                         (clock sys_clk_pin rise edge)
                                                      0.000     0.000 r  
    W5                                                0.000     0.000 r  clk (IN)
                         net (fo=0)                   0.000     0.000    clk
    W5                   IBUF (Prop_ibuf_I_O)         0.414     0.414 r  clk_IBUF_inst/O
                         net (fo=1, routed)           0.685     1.099    clk_IBUF
    BUFGCTRL_X0Y0        BUFG (Prop_bufg_I_O)         0.029     1.128 r  clk_IBUF_BUFG_inst/O
                         net (fo=431, routed)         0.825     1.952    U_PEN_CONFIG_CONTROLLER/clk_IBUF_BUFG
    SLICE_X42Y84         FDCE                                         r  U_PEN_CONFIG_CONTROLLER/clear_active_reg/C
                         clock pessimism             -0.499     1.453    
    SLICE_X42Y84         FDCE (Hold_fdce_C_D)         0.120     1.573    U_PEN_CONFIG_CONTROLLER/clear_active_reg
  -------------------------------------------------------------------
                         required time                         -1.573    
                         arrival time                           1.727    
  -------------------------------------------------------------------
                         slack                                  0.154    

Slack (MET) :             0.155ns  (arrival time - required time)
  Source:                 U_TOP_OV7670/U_SCCB_CTRL/cmd_stop_reg/C
                            (rising edge-triggered cell FDCE clocked by sys_clk_pin  {rise@0.000ns fall@5.000ns period=10.000ns})
  Destination:            U_TOP_OV7670/U_SCCB_CTRL/U_I2C_MASTER/U_I2C_MASTER/FSM_sequential_state_reg[2]/D
                            (rising edge-triggered cell FDCE clocked by sys_clk_pin  {rise@0.000ns fall@5.000ns period=10.000ns})
  Path Group:             sys_clk_pin
  Path Type:              Hold (Min at Fast Process Corner)
  Requirement:            0.000ns  (sys_clk_pin rise@0.000ns - sys_clk_pin rise@0.000ns)
  Data Path Delay:        0.289ns  (logic 0.186ns (64.307%)  route 0.103ns (35.693%))
  Logic Levels:           1  (LUT6=1)
  Clock Path Skew:        0.013ns (DCD - SCD - CPR)
    Destination Clock Delay (DCD):    2.063ns
    Source Clock Delay      (SCD):    1.547ns
    Clock Pessimism Removal (CPR):    0.503ns

    Location             Delay type                Incr(ns)  Path(ns)    Netlist Resource(s)
  -------------------------------------------------------------------    -------------------
                         (clock sys_clk_pin rise edge)
                                                      0.000     0.000 r  
    W5                                                0.000     0.000 r  clk (IN)
                         net (fo=0)                   0.000     0.000    clk
    W5                   IBUF (Prop_ibuf_I_O)         0.226     0.226 r  clk_IBUF_inst/O
                         net (fo=1, routed)           0.631     0.858    clk_IBUF
    BUFGCTRL_X0Y0        BUFG (Prop_bufg_I_O)         0.026     0.884 r  clk_IBUF_BUFG_inst/O
                         net (fo=431, routed)         0.663     1.547    U_TOP_OV7670/U_SCCB_CTRL/clk_IBUF_BUFG
    SLICE_X3Y123         FDCE                                         r  U_TOP_OV7670/U_SCCB_CTRL/cmd_stop_reg/C
  -------------------------------------------------------------------    -------------------
    SLICE_X3Y123         FDCE (Prop_fdce_C_Q)         0.141     1.688 r  U_TOP_OV7670/U_SCCB_CTRL/cmd_stop_reg/Q
                         net (fo=2, routed)           0.103     1.791    U_TOP_OV7670/U_SCCB_CTRL/U_I2C_MASTER/U_I2C_MASTER/FSM_sequential_state_reg[2]_0
    SLICE_X2Y123         LUT6 (Prop_lut6_I2_O)        0.045     1.836 r  U_TOP_OV7670/U_SCCB_CTRL/U_I2C_MASTER/U_I2C_MASTER/FSM_sequential_state[2]_i_1/O
                         net (fo=1, routed)           0.000     1.836    U_TOP_OV7670/U_SCCB_CTRL/U_I2C_MASTER/U_I2C_MASTER/FSM_sequential_state[2]_i_1_n_0
    SLICE_X2Y123         FDCE                                         r  U_TOP_OV7670/U_SCCB_CTRL/U_I2C_MASTER/U_I2C_MASTER/FSM_sequential_state_reg[2]/D
  -------------------------------------------------------------------    -------------------

                         (clock sys_clk_pin rise edge)
                                                      0.000     0.000 r  
    W5                                                0.000     0.000 r  clk (IN)
                         net (fo=0)                   0.000     0.000    clk
    W5                   IBUF (Prop_ibuf_I_O)         0.414     0.414 r  clk_IBUF_inst/O
                         net (fo=1, routed)           0.685     1.099    clk_IBUF
    BUFGCTRL_X0Y0        BUFG (Prop_bufg_I_O)         0.029     1.128 r  clk_IBUF_BUFG_inst/O
                         net (fo=431, routed)         0.935     2.063    U_TOP_OV7670/U_SCCB_CTRL/U_I2C_MASTER/U_I2C_MASTER/clk_IBUF_BUFG
    SLICE_X2Y123         FDCE                                         r  U_TOP_OV7670/U_SCCB_CTRL/U_I2C_MASTER/U_I2C_MASTER/FSM_sequential_state_reg[2]/C
                         clock pessimism             -0.503     1.560    
    SLICE_X2Y123         FDCE (Hold_fdce_C_D)         0.121     1.681    U_TOP_OV7670/U_SCCB_CTRL/U_I2C_MASTER/U_I2C_MASTER/FSM_sequential_state_reg[2]
  -------------------------------------------------------------------
                         required time                         -1.681    
                         arrival time                           1.836    
  -------------------------------------------------------------------
                         slack                                  0.155    

Slack (MET) :             0.159ns  (arrival time - required time)
  Source:                 U_PEN_CONFIG_CONTROLLER/o_texture_shape_reg[2]/C
                            (rising edge-triggered cell FDCE clocked by sys_clk_pin  {rise@0.000ns fall@5.000ns period=10.000ns})
  Destination:            U_UART_PACKET_SENDER/texture_shape_latched_reg[2]/D
                            (rising edge-triggered cell FDCE clocked by sys_clk_pin  {rise@0.000ns fall@5.000ns period=10.000ns})
  Path Group:             sys_clk_pin
  Path Type:              Hold (Min at Fast Process Corner)
  Requirement:            0.000ns  (sys_clk_pin rise@0.000ns - sys_clk_pin rise@0.000ns)
  Data Path Delay:        0.435ns  (logic 0.128ns (29.446%)  route 0.307ns (70.554%))
  Logic Levels:           0  
  Clock Path Skew:        0.260ns (DCD - SCD - CPR)
    Destination Clock Delay (DCD):    1.941ns
    Source Clock Delay      (SCD):    1.432ns
    Clock Pessimism Removal (CPR):    0.249ns

    Location             Delay type                Incr(ns)  Path(ns)    Netlist Resource(s)
  -------------------------------------------------------------------    -------------------
                         (clock sys_clk_pin rise edge)
                                                      0.000     0.000 r  
    W5                                                0.000     0.000 r  clk (IN)
                         net (fo=0)                   0.000     0.000    clk
    W5                   IBUF (Prop_ibuf_I_O)         0.226     0.226 r  clk_IBUF_inst/O
                         net (fo=1, routed)           0.631     0.858    clk_IBUF
    BUFGCTRL_X0Y0        BUFG (Prop_bufg_I_O)         0.026     0.884 r  clk_IBUF_BUFG_inst/O
                         net (fo=431, routed)         0.549     1.432    U_PEN_CONFIG_CONTROLLER/clk_IBUF_BUFG
    SLICE_X29Y76         FDCE                                         r  U_PEN_CONFIG_CONTROLLER/o_texture_shape_reg[2]/C
  -------------------------------------------------------------------    -------------------
    SLICE_X29Y76         FDCE (Prop_fdce_C_Q)         0.128     1.560 r  U_PEN_CONFIG_CONTROLLER/o_texture_shape_reg[2]/Q
                         net (fo=12, routed)          0.307     1.867    U_UART_PACKET_SENDER/texture_shape_latched_reg[2]_0[2]
    SLICE_X36Y74         FDCE                                         r  U_UART_PACKET_SENDER/texture_shape_latched_reg[2]/D
  -------------------------------------------------------------------    -------------------

                         (clock sys_clk_pin rise edge)
                                                      0.000     0.000 r  
    W5                                                0.000     0.000 r  clk (IN)
                         net (fo=0)                   0.000     0.000    clk
    W5                   IBUF (Prop_ibuf_I_O)         0.414     0.414 r  clk_IBUF_inst/O
                         net (fo=1, routed)           0.685     1.099    clk_IBUF
    BUFGCTRL_X0Y0        BUFG (Prop_bufg_I_O)         0.029     1.128 r  clk_IBUF_BUFG_inst/O
                         net (fo=431, routed)         0.813     1.941    U_UART_PACKET_SENDER/clk_IBUF_BUFG
    SLICE_X36Y74         FDCE                                         r  U_UART_PACKET_SENDER/texture_shape_latched_reg[2]/C
                         clock pessimism             -0.249     1.692    
    SLICE_X36Y74         FDCE (Hold_fdce_C_D)         0.016     1.708    U_UART_PACKET_SENDER/texture_shape_latched_reg[2]
  -------------------------------------------------------------------
                         required time                         -1.708    
                         arrival time                           1.867    
  -------------------------------------------------------------------
                         slack                                  0.159    

Slack (MET) :             0.164ns  (arrival time - required time)
  Source:                 U_PEN_CONFIG_CONTROLLER/o_paper_reg/C
                            (rising edge-triggered cell FDCE clocked by sys_clk_pin  {rise@0.000ns fall@5.000ns period=10.000ns})
  Destination:            U_UART_PACKET_SENDER/paper_latched_reg/D
                            (rising edge-triggered cell FDCE clocked by sys_clk_pin  {rise@0.000ns fall@5.000ns period=10.000ns})
  Path Group:             sys_clk_pin
  Path Type:              Hold (Min at Fast Process Corner)
  Requirement:            0.000ns  (sys_clk_pin rise@0.000ns - sys_clk_pin rise@0.000ns)
  Data Path Delay:        0.495ns  (logic 0.141ns (28.482%)  route 0.354ns (71.518%))
  Logic Levels:           0  
  Clock Path Skew:        0.261ns (DCD - SCD - CPR)
    Destination Clock Delay (DCD):    1.941ns
    Source Clock Delay      (SCD):    1.431ns
    Clock Pessimism Removal (CPR):    0.249ns

    Location             Delay type                Incr(ns)  Path(ns)    Netlist Resource(s)
  -------------------------------------------------------------------    -------------------
                         (clock sys_clk_pin rise edge)
                                                      0.000     0.000 r  
    W5                                                0.000     0.000 r  clk (IN)
                         net (fo=0)                   0.000     0.000    clk
    W5                   IBUF (Prop_ibuf_I_O)         0.226     0.226 r  clk_IBUF_inst/O
                         net (fo=1, routed)           0.631     0.858    clk_IBUF
    BUFGCTRL_X0Y0        BUFG (Prop_bufg_I_O)         0.026     0.884 r  clk_IBUF_BUFG_inst/O
                         net (fo=431, routed)         0.548     1.431    U_PEN_CONFIG_CONTROLLER/clk_IBUF_BUFG
    SLICE_X28Y75         FDCE                                         r  U_PEN_CONFIG_CONTROLLER/o_paper_reg/C
  -------------------------------------------------------------------    -------------------
    SLICE_X28Y75         FDCE (Prop_fdce_C_Q)         0.141     1.572 r  U_PEN_CONFIG_CONTROLLER/o_paper_reg/Q
                         net (fo=13, routed)          0.354     1.926    U_UART_PACKET_SENDER/paper
    SLICE_X37Y74         FDCE                                         r  U_UART_PACKET_SENDER/paper_latched_reg/D
  -------------------------------------------------------------------    -------------------

                         (clock sys_clk_pin rise edge)
                                                      0.000     0.000 r  
    W5                                                0.000     0.000 r  clk (IN)
                         net (fo=0)                   0.000     0.000    clk
    W5                   IBUF (Prop_ibuf_I_O)         0.414     0.414 r  clk_IBUF_inst/O
                         net (fo=1, routed)           0.685     1.099    clk_IBUF
    BUFGCTRL_X0Y0        BUFG (Prop_bufg_I_O)         0.029     1.128 r  clk_IBUF_BUFG_inst/O
                         net (fo=431, routed)         0.813     1.941    U_UART_PACKET_SENDER/clk_IBUF_BUFG
    SLICE_X37Y74         FDCE                                         r  U_UART_PACKET_SENDER/paper_latched_reg/C
                         clock pessimism             -0.249     1.692    
    SLICE_X37Y74         FDCE (Hold_fdce_C_D)         0.070     1.762    U_UART_PACKET_SENDER/paper_latched_reg
  -------------------------------------------------------------------
                         required time                         -1.762    
                         arrival time                           1.926    
  -------------------------------------------------------------------
                         slack                                  0.164    





Pulse Width Checks
--------------------------------------------------------------------------------------
Clock Name:         sys_clk_pin
Waveform(ns):       { 0.000 5.000 }
Period(ns):         10.000
Sources:            { clk }

Check Type        Corner  Lib Pin             Reference Pin  Required(ns)  Actual(ns)  Slack(ns)  Location      Pin
Min Period        n/a     RAMB36E1/CLKBWRCLK  n/a            2.892         10.000      7.108      RAMB36_X0Y6   U_TOP_BUFFER/U_TOP_FRAMEBUFFER/U_FRAMEBUFFER/mem_reg_0_9/CLKBWRCLK
Min Period        n/a     RAMB36E1/CLKBWRCLK  n/a            2.892         10.000      7.108      RAMB36_X0Y11  U_TOP_BUFFER/U_TOP_FRAMEBUFFER/U_FRAMEBUFFER/mem_reg_1_1/CLKBWRCLK
Min Period        n/a     RAMB36E1/CLKBWRCLK  n/a            2.892         10.000      7.108      RAMB36_X2Y14  U_TOP_BUFFER/U_TOP_FRAMEBUFFER/U_FRAMEBUFFER/mem_reg_1_2/CLKBWRCLK
Min Period        n/a     RAMB36E1/CLKBWRCLK  n/a            2.892         10.000      7.108      RAMB36_X0Y5   U_TOP_BUFFER/U_TOP_FRAMEBUFFER/U_FRAMEBUFFER/mem_reg_1_10/CLKBWRCLK
Min Period        n/a     RAMB36E1/CLKBWRCLK  n/a            2.892         10.000      7.108      RAMB36_X1Y15  U_TOP_BUFFER/U_TOP_FRAMEBUFFER/U_FRAMEBUFFER/mem_reg_1_3/CLKBWRCLK
Min Period        n/a     RAMB36E1/CLKBWRCLK  n/a            2.892         10.000      7.108      RAMB36_X0Y9   U_TOP_BUFFER/U_TOP_FRAMEBUFFER/U_FRAMEBUFFER/mem_reg_1_12/CLKBWRCLK
Min Period        n/a     RAMB36E1/CLKBWRCLK  n/a            2.892         10.000      7.108      RAMB36_X2Y6   U_TOP_BUFFER/U_TOP_FRAMEBUFFER/U_FRAMEBUFFER/mem_reg_1_4/CLKBWRCLK
Min Period        n/a     RAMB36E1/CLKBWRCLK  n/a            2.892         10.000      7.108      RAMB36_X0Y13  U_TOP_BUFFER/U_TOP_FRAMEBUFFER/U_FRAMEBUFFER/mem_reg_1_13/CLKBWRCLK
Min Period        n/a     RAMB36E1/CLKBWRCLK  n/a            2.892         10.000      7.108      RAMB36_X2Y7   U_TOP_BUFFER/U_TOP_CANVAS/U_CANVAS_BUFFER/U_canvas_buffer/mem_reg_0_0/CLKBWRCLK
Min Period        n/a     RAMB36E1/CLKBWRCLK  n/a            2.892         10.000      7.108      RAMB36_X0Y10  U_TOP_BUFFER/U_TOP_FRAMEBUFFER/U_FRAMEBUFFER/mem_reg_0_1/CLKBWRCLK
Low Pulse Width   Slow    FDCE/C              n/a            0.500         5.000       4.500      SLICE_X33Y81  U_BTN_SIZE/sync_reg/C
Low Pulse Width   Slow    FDCE/C              n/a            0.500         5.000       4.500      SLICE_X28Y79  U_UART_PACKET_DECODER/U_BAUD_TICK_16/phase_acc_reg[10]/C
Low Pulse Width   Slow    FDCE/C              n/a            0.500         5.000       4.500      SLICE_X28Y79  U_UART_PACKET_DECODER/U_BAUD_TICK_16/phase_acc_reg[11]/C
Low Pulse Width   Slow    FDCE/C              n/a            0.500         5.000       4.500      SLICE_X28Y80  U_UART_PACKET_DECODER/U_BAUD_TICK_16/phase_acc_reg[12]/C
Low Pulse Width   Slow    FDCE/C              n/a            0.500         5.000       4.500      SLICE_X28Y80  U_UART_PACKET_DECODER/U_BAUD_TICK_16/phase_acc_reg[13]/C
Low Pulse Width   Slow    FDCE/C              n/a            0.500         5.000       4.500      SLICE_X28Y80  U_UART_PACKET_DECODER/U_BAUD_TICK_16/phase_acc_reg[14]/C
Low Pulse Width   Slow    FDCE/C              n/a            0.500         5.000       4.500      SLICE_X28Y80  U_UART_PACKET_DECODER/U_BAUD_TICK_16/phase_acc_reg[15]/C
Low Pulse Width   Slow    FDCE/C              n/a            0.500         5.000       4.500      SLICE_X28Y79  U_UART_PACKET_DECODER/U_BAUD_TICK_16/phase_acc_reg[8]/C
Low Pulse Width   Slow    FDCE/C              n/a            0.500         5.000       4.500      SLICE_X28Y79  U_UART_PACKET_DECODER/U_BAUD_TICK_16/phase_acc_reg[9]/C
Low Pulse Width   Slow    FDCE/C              n/a            0.500         5.000       4.500      SLICE_X29Y79  U_UART_PACKET_DECODER/o_pen_color_reg[1]/C
High Pulse Width  Slow    FDRE/C              n/a            0.500         5.000       4.500      SLICE_X36Y65  U_TOP_BUFFER/U_TOP_CANVAS/U_CANVAS_BUFFER/U_canvas_buffer/mem_reg_mux_sel__10/C
High Pulse Width  Slow    FDRE/C              n/a            0.500         5.000       4.500      SLICE_X36Y67  U_TOP_BUFFER/U_TOP_CANVAS/U_CANVAS_BUFFER/U_canvas_buffer/mem_reg_mux_sel__2/C
High Pulse Width  Fast    FDRE/C              n/a            0.500         5.000       4.500      SLICE_X36Y67  U_TOP_BUFFER/U_TOP_CANVAS/U_CANVAS_BUFFER/U_canvas_buffer/mem_reg_mux_sel__2/C
High Pulse Width  Slow    FDCE/C              n/a            0.500         5.000       4.500      SLICE_X2Y124  U_CLOCK_GEN/r_count_reg[1]/C
High Pulse Width  Slow    FDCE/C              n/a            0.500         5.000       4.500      SLICE_X42Y84  U_PEN_CONFIG_CONTROLLER/clear_active_reg/C
High Pulse Width  Slow    FDCE/C              n/a            0.500         5.000       4.500      SLICE_X41Y84  U_PEN_CONFIG_CONTROLLER/clear_cnt_reg[1]/C
High Pulse Width  Slow    FDCE/C              n/a            0.500         5.000       4.500      SLICE_X41Y84  U_PEN_CONFIG_CONTROLLER/clear_cnt_reg[4]/C
High Pulse Width  Slow    FDCE/C              n/a            0.500         5.000       4.500      SLICE_X41Y84  U_PEN_CONFIG_CONTROLLER/clear_cnt_reg[5]/C
High Pulse Width  Slow    FDCE/C              n/a            0.500         5.000       4.500      SLICE_X43Y84  U_PEN_CONFIG_CONTROLLER/clear_cnt_reg[6]/C
High Pulse Width  Slow    FDCE/C              n/a            0.500         5.000       4.500      SLICE_X43Y84  U_PEN_CONFIG_CONTROLLER/clear_cnt_reg[7]/C



